web-scraper-order,web-scraper-start-url,articles,articles-href,name,releaseDate,summary,first-par
"1753632191-1","https://www.newstatesman.com/author/nicu-calcea","ONS survey highlights pre-existing conditions most commonly associated with Covid-19 deaths","https://www.newstatesman.com/science-tech/coronavirus/2020/04/ons-survey-highlights-pre-existing-conditions-most-commonly-associated-covid-19-deaths","ONS survey highlights pre-existing conditions most commonly associated with Covid-19 deaths","16 April 2020","","Men, the elderly and people with pre-existing health conditions are most likely to die due to coronavirus, official data from the Office for National Statistics (ONS) has confirmed."
"1753632193-2","https://www.newstatesman.com/author/nicu-calcea","More than 150,000 self-employed not covered by government support scheme","https://www.newstatesman.com/science-tech/coronavirus/2020/04/more-150000-self-employed-not-covered-government-support-scheme","More than 150,000 self-employed not covered by government support scheme","17 April 2020","","Some 151,000 started self-employment after March 2019, new data has revealed – meaning they are not eligible for help under the government’s Covid-19 support scheme."
"1753632195-3","https://www.newstatesman.com/author/nicu-calcea","8,000 more deaths than normal in week to 10 April, ONS says","https://www.newstatesman.com/science-tech/coronavirus/2020/04/8000-more-deaths-normal-week-10-april-ons-says","8,000 more deaths than normal in week to 10 April, ONS says","21 April 2020","","Nearly 8,000 more people than normal died in the week ending 10 April, with the bulk of the extra deaths directly attributed to Covid-19, the latest data from the Office for National Statistics (ONS) has revealed."
"1753632206-4","https://www.newstatesman.com/author/nicu-calcea","Latest worldwide death stats suggest peak has passed, but not in the US","https://www.newstatesman.com/science-tech/coronavirus/2020/04/latest-worldwide-death-stats-suggest-peak-has-passed-not-us","Latest worldwide death stats suggest peak has passed, but not in the US","22 April 2020","","The latest figures for Covid-19 deaths across the countries hit hardest by the virus suggest the peak of the pandemic has passed – but the data from the US paints a very different picture."
"1753632218-5","https://www.newstatesman.com/author/nicu-calcea","Covid-19 daily report: Death toll trends inch downwards in worst-hit nations","https://www.newstatesman.com/science-tech/coronavirus/2020/04/covid-19-daily-report-death-toll-trends-inch-downwards-worst-hit-nations","Covid-19 daily report: Death toll trends inch downwards in worst-hit nations","23 April 2020","","All the countries worst hit by the coronavirus outbreak – the US, Spain, Italy, France and the UK – have seen their number of daily deaths fall in the past seven days."
"1753632220-6","https://www.newstatesman.com/author/nicu-calcea","Half of coronavirus business grants in England still unclaimed","https://www.newstatesman.com/science-tech/coronavirus/2020/04/half-coronavirus-business-grants-england-still-unclaimed","Half of coronavirus business grants in England still unclaimed","23 April 2020","","Businesses in Nottingham, Birmingham and Manchester have claimed less than a fifth of the coronavirus emergency support available to them, new government figures reveal."
"1753632231-7","https://www.newstatesman.com/author/nicu-calcea","Worldwide coronavirus death rate rises after US spike","https://www.newstatesman.com/science-tech/coronavirus/2020/04/worldwide-coronavirus-death-rate-rises-after-us-spike","Worldwide coronavirus death rate rises after US spike","24 April 2020","","There were 7,793 deaths from Covid-19 reported around the world yesterday, the highest daily increase since last Friday, 17 April."
"1753632233-8","https://www.newstatesman.com/author/nicu-calcea","27,000 more deaths than normal since start of coronavirus pandemic, ONS says","https://www.newstatesman.com/science-tech/coronavirus/2020/04/27000-more-deaths-normal-start-coronavirus-pandemic-ons-says","27,000 more deaths than normal since start of coronavirus pandemic, ONS says","28 April 2020","","England and Wales saw 27,000 more deaths than would normally be expected between the start of March, when the coronavirus pandemic took hold, and 17 April, new figures from the Office for National Statistics (ONS) show."
"1753632236-9","https://www.newstatesman.com/author/nicu-calcea","Up to one in 17 care home residents may have died since the Covid-19 outbreak started. Why?","https://www.newstatesman.com/science-tech/coronavirus/2020/04/one-17-care-home-residents-may-have-died-covid-19-outbreak-started","Up to one in 17 care home residents may have died since the Covid-19 outbreak started. Why?","29 April 2020","After 20,836 people died in the five weeks to 17 April, care homes have become the new epicentre of the disease.","As many as one in 17 care home residents may have died in just five weeks since the start of the Covid-19 outbreak. New data released on 28 April showed that the number of care home deaths has gone beyond “alarming” and is becoming a national scandal."
"1753632238-10","https://www.newstatesman.com/author/nicu-calcea","As many as one in 17 care home residents may have died since outbreak began","https://www.newstatesman.com/science-tech/coronavirus/2020/04/many-one-17-care-home-residents-may-have-died-outbreak-began","As many as one in 17 care home residents may have died since outbreak began","29 April 2020","","As many as one in 17 care home residents may have died in just five weeks since the start of the Covid-19 outbreak, Nicu Calcea reports. New data released on 28 April showed that the number of care home deaths has gone beyond “alarming” and is becoming a national scandal."
"1753632240-11","https://www.newstatesman.com/author/nicu-calcea","Death rate in most deprived areas double that of richest neighbourhoods","https://www.newstatesman.com/science-tech/coronavirus/2020/05/death-rate-most-deprived-areas-double-richest-neighbourhoods","Death rate in most deprived areas double that of richest neighbourhoods","1 May 2020","","People in the most deprived areas of England and Wales are dying at more than twice the rate of those in the most affluent places, new data from the Office for National Statistics (ONS) shows."
"1753632251-12","https://www.newstatesman.com/author/nicu-calcea","Berlin has biggest rise in public transport use and traffic congestion among world cities","https://www.newstatesman.com/science-tech/coronavirus/2020/05/berlin-has-biggest-rise-public-transport-use-and-traffic-congestion-among-world-cities","Berlin has biggest rise in public transport use and traffic congestion among world cities","1 May 2020","","Some world cities are seeing an increased movement of people even before lockdown restrictions are eased, our weekly city mobility chart shows."
"1753632253-13","https://www.newstatesman.com/author/nicu-calcea","Renters and the self-employed have taken biggest financial hit from pandemic","https://www.newstatesman.com/science-tech/coronavirus/2020/05/renters-and-self-employed-have-taken-biggest-financial-hit-pandemic","Renters and the self-employed have taken biggest financial hit from pandemic","4 May 2020","","More than half of self-employed workers say their household finances have suffered during the Covid-19 crisis, according to new data from the Office for National Statistics."
"1753632265-14","https://www.newstatesman.com/author/nicu-calcea","Major European cities registering biggest drops in daily Covid-19 cases","https://www.newstatesman.com/science-tech/coronavirus/2020/05/major-european-cities-registering-biggest-drops-daily-covid-19-cases","Major European cities registering biggest drops in daily Covid-19 cases","4 May 2020","","The number of confirmed Covid-19 cases is falling in major cities across the world, with countries in Europe registering the biggest drops in daily new cases."
"1753632267-15","https://www.newstatesman.com/author/nicu-calcea","Crime in Northern Ireland falls by a third during lockdown","https://www.newstatesman.com/science-tech/coronavirus/2020/05/crime-northern-ireland-falls-third-during-lockdown","Crime in Northern Ireland falls by a third during lockdown","6 May 2020","","Crime in Northern Ireland fell by nearly a third in the five weeks starting 23 March, according to new figures that give us a first glimpse of how the coronavirus lockdown has affected crime in the UK."
"1753632278-16","https://www.newstatesman.com/author/nicu-calcea","Covid-19 cases continue to fall in major worldwide cities","https://www.newstatesman.com/science-tech/coronavirus/2020/05/covid-19-cases-continue-fall-major-worldwide-cities","Covid-19 cases continue to fall in major worldwide cities","11 May 2020","","The number of new daily Covid-19 cases continues to drop in major cities and regions in Europe and the US, while Wuhan has recorded its first new cases since the end of the lockdown."
"1753632291-17","https://www.newstatesman.com/author/nicu-calcea","US daily deaths now double UK, Spain and France combined","https://www.newstatesman.com/science-tech/coronavirus/2020/05/us-daily-deaths-now-double-uk-spain-and-france-combined","US daily deaths now double UK, Spain and France combined","12 May 2020","","The US recorded 1,156 Covid-19 deaths yesterday, which is more than the reported totals for the UK, Spain and France combined."
"1753632303-18","https://www.newstatesman.com/author/nicu-calcea","Economic forecasts worsen in Europe, Italy faces biggest slump","https://www.newstatesman.com/science-tech/coronavirus/2020/05/economic-forecasts-worsen-europe-italy-faces-biggest-slump","Economic forecasts worsen in Europe, Italy faces biggest slump","12 May 2020","","GDP growth forecasts for major European countries and the US have been revised downwards yet again, with France seeing the biggest change from last week."
"1753632305-19","https://www.newstatesman.com/author/nicu-calcea","Number of patients waiting six or more weeks for diagnostic tests highest since 2008","https://www.newstatesman.com/science-tech/coronavirus/2020/05/number-patients-waiting-six-or-more-weeks-diagnostic-tests-highest-2008","Number of patients waiting six or more weeks for diagnostic tests highest since 2008","14 May 2020","","The number of people waiting six or more weeks for a diagnostic test in England nearly tripled in March 2020, as Covid-19 saw hospital postpone “non-urgent” treatment."
"1753632307-20","https://www.newstatesman.com/author/nicu-calcea","A&E attendance falls to record low","https://www.newstatesman.com/science-tech/coronavirus/2020/05/ae-attendance-falls-record-low","A&E attendance falls to record low","14 May 2020","","Attendance at accident and emergency departments in England plunged by more than half in April to a new record low."
"1753632309-21","https://www.newstatesman.com/author/nicu-calcea","Covid-19 cases may be seven times higher than previously thought, ONS testing suggests","https://www.newstatesman.com/science-tech/coronavirus/2020/05/covid-19-cases-may-be-seven-times-higher-previously-thought-ons-testing-suggests","Covid-19 cases may be seven times higher than previously thought, ONS testing suggests","14 May 2020","",""
"1753632312-22","https://www.newstatesman.com/author/nicu-calcea","Covid-19 involved in more than quarter of all care home deaths in recent months","https://www.newstatesman.com/science-tech/coronavirus/2020/05/covid-19-involved-more-quarter-all-care-home-deaths-recent-months","Covid-19 involved in more than quarter of all care home deaths in recent months","15 May 2020","","Coronavirus has accounted for more than a quarter of deaths in care homes since the start of the pandemic, figures published by the Office for National Statistics (ONS) today showed."
"1753632323-23","https://www.newstatesman.com/author/nicu-calcea","North-west close to overtaking London as epicentre of UK’s Covid-19 outbreak","https://www.newstatesman.com/science-tech/coronavirus/2020/05/north-west-close-overtaking-london-epicentre-uks-covid-19-outbreak","North-west close to overtaking London as epicentre of UK’s Covid-19 outbreak","18 May 2020","","The north-west of England is set to overtake London as the epicentre of the UK’s outbreak, latest data shows."
"1753632325-24","https://www.newstatesman.com/author/nicu-calcea","UK cities are awakening as lockdown is eased","https://www.newstatesman.com/science-tech/coronavirus/2020/05/uk-cities-are-awakening-lockdown-eased","UK cities are awakening as lockdown is eased","18 May 2020","","Walking and driving in the UK surged on Saturday, 16 May – the first weekend day since the government eased lockdown restrictions, new data show."
"1753632327-25","https://www.newstatesman.com/author/nicu-calcea","UK unemployment claims jump 69 per cent in April, a record rise","https://www.newstatesman.com/science-tech/coronavirus/2020/05/uk-unemployment-claims-jump-69-cent-april-record-rise","UK unemployment claims jump 69 per cent in April, a record rise","19 May 2020","","The number of people claiming UK unemployment benefits increased to 2.1 million in April 2020, a monthly rise of 856,500 and the highest level since 1996."
"1753632329-26","https://www.newstatesman.com/author/nicu-calcea","“Excess deaths“ during pandemic top 50,000 in UK","https://www.newstatesman.com/science-tech/coronavirus/2020/05/excess-deaths-during-pandemic-top-50000-uk","“Excess deaths“ during pandemic top 50,000 in UK","19 May 2020","","Around 50,000 more people have died in England and Wales since the start of the coronavirus outbreak than would normally be expected for this time of year, new figures show."
"1753632331-27","https://www.newstatesman.com/author/nicu-calcea","Has there been a “Cummings effect“ on lockdown compliance?","https://www.newstatesman.com/politics/uk-politics/2020/06/has-there-been-cummings-effect-lockdown-compliance","Has there been a “Cummings effect“ on lockdown compliance?","4 June 2020","The data shows increased mobility during the Cummings story, but it is harder to prove a causal link.","Did the news of Dominic Cummings’ trips to Durham and Barnard Castle have an effect on the British public’s adherence to lockdown rules?"
"1753632343-28","https://www.newstatesman.com/author/nicu-calcea","Why is the unemployment rate so much higher in the US than the EU?","https://www.newstatesman.com/world/2020/06/US-unemployment-EU-uk-furlough-coronavirus-relief","Why is the unemployment rate so much higher in the US than the EU?","5 June 2020","Differences in working culture and government responses have created a sharp divide. Which way will the UK go?","It is one of the most famous charts of the coronavirus crisis: a simple bar chart in The New York Times showing unemployment claims soaring to levels that can barely be contained on the front page. In the United States, the unemployment rate jumped from 3.6 per cent in April 2019 to 14.7 per cent a year later. But in European countries — even those hard hit by the virus — it has nudged rather than broken the dial."
"1753632345-29","https://www.newstatesman.com/author/nicu-calcea","Record numbers of people in Britain can’t afford food – lifting lockdown won’t change that","https://www.newstatesman.com/politics/welfare/2020/07/record-numbers-people-britain-can-t-afford-food-lifting-lockdown-won-t","Record numbers of people in Britain can’t afford food – lifting lockdown won’t change that","3 July 2020","Even before Covid-19 hit, the proportion of households in the UK without the resources to eat was rising.","It’s been almost 15 weeks since restaurants and cafés closed down across the UK as the country went into lockdown."
"1753632347-30","https://www.newstatesman.com/author/nicu-calcea","Britons are still staying at home because they don’t trust the government over Covid-19","https://www.newstatesman.com/politics/uk-politics/2020/07/britons-are-still-staying-home-because-they-don-t-trust-government-over-covid-19","Britons are still staying at home because they don’t trust the government over Covid-19","9 July 2020","Data shows that UK residents are proving far more cautious about leaving lockdown than their European counterparts.","For a nation of pub-lovers, Britain is proving hard to coax out of lockdown and back to the bar. Rishi Sunak’s “Eat Out to Help Out” scheme, unveiled yesterday, is another attempt to tempt customers into restaurants, cafes and pubs."
"1753632349-31","https://www.newstatesman.com/author/nicu-calcea","A lifetime of inequality: how black Britons face discrimination at every age","https://www.newstatesman.com/world/uk/2020/07/lifetime-inequality-how-black-britons-face-discrimination-every-age","A lifetime of inequality: how black Britons face discrimination at every age","24 July 2020","From childbirth to retirement, statistics show the lifelong impact of systemic bias in modern Britain.","Five days after giving birth to her first child, Candice Brathwaite was rushed back to hospital with acute sepsis. For nearly a week, her symptoms — sweating through to her mattress each night, a lump gathering beneath her C-section wound, an inability to breastfeed — had been written off by healthcare professionals. She was advised to “stay off those mummy websites” and stop worrying. This oversight meant she spent weeks in intensive care away from her newborn daughter, Esmé-Olivia, and took nearly a month to recover."
"1753632351-32","https://www.newstatesman.com/author/nicu-calcea","Is the Eat Out to Help Out scheme encouraging unhealthy eating?","https://www.newstatesman.com/politics/2020/08/is-the-eat-out-to-help-out-scheme-encouraging-unhealthy-eating","Is the Eat Out to Help Out scheme encouraging unhealthy eating?","11 August 2020","A New Statesman analysis estimates at least 10,667 of the restaurants currently registered are fast food outlets.","When pubs, restaurants and cafes reopened on 4 July, data showed that most Britons were still reluctant to leave their homes even as authorities assured them it was safe to do so."
"1753632353-33","https://www.newstatesman.com/author/nicu-calcea","Why the coronavirus mental health crisis may not have peaked","https://www.newstatesman.com/politics/2020/08/why-the-coronavirus-mental-health-crisis-may-not-have-peaked","Why the coronavirus mental health crisis may not have peaked","18 August 2020","Nearly one in five people in the UK experienced some form of depression in June, up by 10 per cent the previous year.","Depression rates have nearly doubled in the UK as the Covid-19 lockdown takes a heavy toll on the nation’s mental health."
"1753632355-34","https://www.newstatesman.com/author/nicu-calcea","Schools are set to reopen but how safe are they from Covid-19?","https://www.newstatesman.com/politics/2020/08/schools-are-set-to-reopen-but-how-safe-are-they-from-covid-19","Schools are set to reopen but how safe are they from Covid-19?","27 August 2020","Without a significantly improved test and trace programme, reopening schools could lead to a second wave in December.","Even as the number of Covid-19 cases rises again in several countries, the world’s schools are preparing to reopen their doors."
"1753632357-35","https://www.newstatesman.com/author/nicu-calcea","Data analysis: How the poorest countries are losing out on Covid-19 relief funds","https://www.newstatesman.com/politics/2020/09/data-analysis-how-the-poorest-countries-are-losing-out-on-covid-19-relief-funds","Data analysis: How the poorest countries are losing out on Covid-19 relief funds","21 September 2020","New Statesman analysis suggests some countries with a higher GDP per capita have been allocated more international funding to fight the virus than poorer nations.","There is now almost no place in the world untouched by the spread of Covid-19. The global death toll is approaching one million and inequality is rising across the world. International organisations such as the International Monetary Fund and the World Bank committed at least $48bn in support to more than 100 nations from 10 June, according to the Centre for Disaster Protection. But a New Statesman analysis suggests that among those countries, the richer ones are receiving more money."
"1753632360-36","https://www.newstatesman.com/author/nicu-calcea","A third of UK residents are under local lockdowns – but has this changed their behaviour?","https://www.newstatesman.com/politics/uk-politics/2020/10/third-uk-residents-are-under-local-lockdowns-has-changed-their-behaviour","A third of UK residents are under local lockdowns – but has this changed their behaviour?","8 October 2020","People in most areas under strict Covid restrictions are only marginally less likely to go to pubs, restaurants and supermarkets.","As Covid-19 cases continue to rise in the UK, millions of people have entered local lockdown. At present, around a third of Britons live under some form of tighter restrictions."
"1753632362-37","https://www.newstatesman.com/author/nicu-calcea","Are pubs and restaurants to blame for the second wave of Covid-19?","https://www.newstatesman.com/science-tech/2020/10/are-pubs-and-restaurants-blame-second-wave-covid-19","Are pubs and restaurants to blame for the second wave of Covid-19?","14 October 2020","The hospitality industry has been singled out by Chris Whitty for spreading the virus, but the evidence is anything but clear-cut.","In a webinar on 8 October, the government’s chief medical officer, Chris Whitty, informed MPs that the number of Covid-19 patients in intensive care in northern England might surpass the April peak – and that one of the main culprits was the hospitality industry."
"1753632364-38","https://www.newstatesman.com/author/nicu-calcea","Hate crime is at a record high — but is there more hate, or more people reporting hate?","https://www.newstatesman.com/politics/uk-politics/2020/10/hate-crime-record-high-there-more-hate-or-more-people-reporting-hate","Hate crime is at a record high — but is there more hate, or more people reporting hate?","21 October 2020","Police in England and Wales recorded the highest ever number of hate crime incidents in the year up to March.","Police records of hate crimes have reached a record high, with some 105,090 incidents reported in England and Wales in the year to March 2020. The data – published by the Home Office on 13 October – represents an eight per cent increase on the previous year."
"1753632366-39","https://www.newstatesman.com/author/nicu-calcea","How the UK suffered 50,000 Covid-19 deaths – the highest number in Europe","https://www.newstatesman.com/science-tech/coronavirus/2020/11/how-uk-suffered-50000-covid-19-deaths-highest-number-europe","How the UK suffered 50,000 Covid-19 deaths – the highest number in Europe","12 November 2020","Only the US, Brazil, India and Mexico have recorded higher coronavirus death tolls than Britain.","The UK became the first country in Europe to reach the unwanted milestone of 50,000 total deaths from Covid-19 on Wednesday 11 November, when 595 new fatalities were recorded – the highest daily total since the pandemic’s peak in April. According to government figures, this means a total of 50,365 people in the UK have died from the pandemic. Only the United States, Brazil, India and Mexico have recorded higher death tolls globally."
"1753632368-40","https://www.newstatesman.com/author/nicu-calcea","What will a cashless China mean for the world?","https://www.newstatesman.com/world/2020/11/what-will-cashless-china-mean-world","What will a cashless China mean for the world?","30 November 2020","A new Chinese digital currency could help the country forge an alternative to the US-led global financial system.","At the beginning of the 11th century, China became the first country in the world to officially introduce paper money into circulation. Now, in its latest effort to digitise its economy, it could be among the first to give it up."
"1753632370-41","https://www.newstatesman.com/author/nicu-calcea","Ella Adoo-Kissi-Debrah and the Great Smog of modern London","https://www.newstatesman.com/environment/2020/12/ella-adoo-kissi-debrah-and-great-smog-modern-london","Ella Adoo-Kissi-Debrah and the Great Smog of modern London","4 December 2020","Nearly 70 years on from the Great Smog of London, air pollution still haunts Britain’s environmental efforts – and its most deprived places.","On this date 68 years ago, a thick fog was about to descend on London. From Friday 5 December to Tuesday 9 December 1952, a dense layer of smog smothered the capital during a particularly cold spell of weather."
"1753632372-42","https://www.newstatesman.com/author/nicu-calcea","Mapping the unequal impact of Brexit","https://www.newstatesman.com/business/2020/12/mapping-unequal-impact-brexit","Mapping the unequal impact of Brexit","23 December 2020","The New Statesman’s data team has created a Brexit vulnerability index, using data from every local authority to show where the UK economy will be most affected.","From 1 January 2021, the UK will no longer be a member of the European Union. While the two sides are still negotiating to reach a trade agreement before the deadline, either outcome will have a significant impact on trade, employment, workforce and funding."
"1753632374-43","https://www.newstatesman.com/author/nicu-calcea","How democracy could become one of the pandemic’s lasting victims","https://www.newstatesman.com/world/2021/01/how-democracy-could-become-one-pandemic-s-lasting-victims","How democracy could become one of the pandemic’s lasting victims","19 January 2021","New research suggests the world has become increasingly autocratic since the start of the Covid-19 crisis.","Last year, faced with the global spread of Covid-19, many political leaders enacted emergency powers to help tackle the pandemic. In some cases, however, these powers also expanded their personal reach while silencing their critics and disregarding human rights. In Hungary, a “coronavirus bill” was passed that gave the populist prime minister Viktor Orbán near-limitless power to rule by decree. In Kenya, authorities excessively enforced curfews, leading to widespread police brutality and reported deaths. In South Africa, protests erupted after soldiers entered a man’s home and beat him to death under suspicion that he purchased alcohol, which was illegal under lockdown rules."
"1753632377-44","https://www.newstatesman.com/author/nicu-calcea","Covid-19: a tragedy in numbers","https://www.newstatesman.com/science-tech/coronavirus/2021/01/covid-19-tragedy-numbers","Covid-19: a tragedy in numbers","28 January 2021","Only Belgium, Slovenia and San Marino have recorded higher coronavirus death rates than the UK.","A figure as high as 100,000 people is difficult to comprehend. One way to imagine it is to think of the total population of the city of Worcester or that of the borough of Woking. It’s more than a fully sold-out Wembley Stadium. It is one out of every 600 people in the UK. And it is more than five times the 20,000 deaths that Patrick Vallance, the chief scientific adviser, suggested would be a “good outcome” last March."
"1753632379-45","https://www.newstatesman.com/author/nicu-calcea","Which councils are hitting their apprenticeship targets?","https://www.newstatesman.com/spotlight/2021/02/which-councils-are-hitting-their-apprenticeship-targets","Which councils are hitting their apprenticeship targets?","10 February 2021","Our analysis shows some local authorities are better than others.","L ocal government provides everything from housing to refuse collection. It is also a significant supporter of apprenticeships, hosting thousands each year. Apprentices learn part-time and work part-time as part of a path into a specific job, such as administrator or social worker. Spotlight crunched the data to get a picture of apprenticeships in local authorities."
"1753632381-46","https://www.newstatesman.com/author/nicu-calcea","Pandemic winners and losers: how Big Tech’s gains mask a struggling economy","https://www.newstatesman.com/business/2021/02/pandemic-winners-and-losers-how-big-techs-gains-mask-struggling-economy","Pandemic winners and losers: how Big Tech’s gains mask a struggling economy","24 February 2021","A global lockdown has caused dramatic shifts in the economic landscape and focused markets on one sector.","For countries around the world, 2020 was a year of unprecedented disruption. The International Monetary Fund has estimated a global growth contraction of 3.5 per cent for the year. But during this turmoil, some of the world’s biggest companies enjoyed significant investment, with huge increases in their market capitalisation and the wealth of their top executives. The picture from the markets looks optimistic – if you look at a few companies."
"1753632383-47","https://www.newstatesman.com/author/nicu-calcea","Britain’s hidden health crisis: How overcrowded housing may be spreading Covid-19","https://www.newstatesman.com/politics/2021/03/britain-s-hidden-health-crisis-how-overcrowded-housing-may-be-spreading-covid-19","Britain’s hidden health crisis: How overcrowded housing may be spreading Covid-19","11 March 2021","New Statesman analysis reveals cramped housing conditions could be increasing coronavirus transmission, disproportionately endangering society’s most vulnerable.","With workplaces, restaurants, gyms and cinemas largely closed for the last year, Britons have spent more time than ever at home."
"1753632385-48","https://www.newstatesman.com/author/nicu-calcea","How much has Brexit cost the UK?","https://www.newstatesman.com/politics/uk-politics/2021/03/how-much-has-brexit-cost-uk","How much has Brexit cost the UK?","18 March 2021","Two months after the UK’s full departure from the EU, the painful consequences of that decision are becoming ever clearer.","Nearly all economists agree that Brexit has left the UK poorer, although the full extent of the impact will remain unknown for many years. The recession triggered by Covid-19 has made separating the effects of the pandemic and those of Brexit harder."
"1753632387-49","https://www.newstatesman.com/author/nicu-calcea","UK economic recovery tracker: the effects of Brexit and Covid-19 on jobs, house prices, trade and spending","https://www.newstatesman.com/business/2021/03/uk-economic-recovery-tracker-effects-brexit-and-covid-19-jobs-house-prices-trade","UK economic recovery tracker: the effects of Brexit and Covid-19 on jobs, house prices, trade and spending","31 March 2021","We’ve tracked a range of economic indicators to see how Britain is weathering the events of the past year.","In 2020 the UK economy suffered its worst annual decline in 300 years. GDP fell by 9.9 per cent, the biggest annual drop since the Great Frost of 1709. Britain had one of the worst GDP declines among developed countries – worse than France, Germany or the US."
"1753632390-50","https://www.newstatesman.com/author/nicu-calcea","Why is Israel doing so much better than Chile at coming out of lockdown?","https://www.newstatesman.com/world/2021/04/why-israel-doing-so-much-better-chile-coming-out-lockdown","Why is Israel doing so much better than Chile at coming out of lockdown?","9 April 2021","Both countries have high vaccination rates, but the difference in Covid case rates can serve as a lesson to the UK.","Up to a few weeks ago, Chile was raking in praise for its vaccination programme. And this praise wasn’t entirely unfounded."
"1753632392-51","https://www.newstatesman.com/author/nicu-calcea","Britain is becoming the sick man of the G20","https://www.newstatesman.com/politics/2021/04/britain-becoming-sick-man-g20","Britain is becoming the sick man of the G20","13 April 2021","Our trackers show the UK’s economic recovery will be slower than that of almost any other advanced economy.","It might take the UK longer to recover from Covid-19 than most other nations, our British economic recovery tracker indicates."
"1753632394-52","https://www.newstatesman.com/author/nicu-calcea","Why India desperately needs more Covid-19 vaccines","https://www.newstatesman.com/world/2021/04/why-india-desperately-needs-more-covid-19-vaccines","Why India desperately needs more Covid-19 vaccines","27 April 2021","India is struggling with a lethal second wave and only 9 per cent of its population has received at least one vaccine.","India is struggling to meet its Covid-19 vaccination goals, despite being one of the world’s leading manufacturers. Just 120 million people, or 8.7 per cent of its population, had received one vaccine by 26 April. Just 1.6 per cent have been fully vaccinated."
"1753632396-53","https://www.newstatesman.com/author/nicu-calcea","Prolific yet quiet: Joe Biden’s first 100 days in numbers","https://www.newstatesman.com/world/2021/04/prolific-yet-quiet-joe-biden-s-first-100-days-numbers","Prolific yet quiet: Joe Biden’s first 100 days in numbers","29 April 2021","The US president has set about reversing Donald Trump’s legacy, but a smaller media profile and split Senate point to challenges ahead.","Joe Biden became president at one of the most strained moments in US politics. By the time of his inauguration in January 2021, the coronavirus pandemic had killed more than 400,000 Americans and wrecked the economy. Just two weeks before he was sworn in, an angry mob, who were convinced that Donald Trump was the rightful winner of the presidential election, stormed the Capitol to stop the certification of election results."
"1753632398-54","https://www.newstatesman.com/author/nicu-calcea","“It’s our Brexit”: Will low traffic neighbourhoods affect the local election results?","https://www.newstatesman.com/environment/2021/04/it-s-our-brexit-ltns-will-low-traffic-neighbourhoods-affect-local-election","“It’s our Brexit”: Will low traffic neighbourhoods affect the local election results?","30 April 2021","As Covid-19 restrictions ease and amid talk of a vaccine bounce, road closures across the country could also be driving voters.","The Manchester inner-city suburb of Levenshulme is on a journey. Its house prices have increased over 50 per cent in the past five years, the disused railway station is turning into a cycle café and co-working space, and the Sunday Times deemed it one of the “best places to live” in 2019 – the same year an off-licence sitting vacant for two years on a street corner transformed into a vegetarian deli and natural wine seller."
"1753632400-55","https://www.newstatesman.com/author/nicu-calcea","Labour struggles as the Tories and Greens surge – the final local election results","https://www.newstatesman.com/politics/2021/05/labour-struggles-tories-and-greens-surge-final-local-election-results","Labour struggles as the Tories and Greens surge – the final local election results","10 May 2021","Keir Starmer’s party lost 326 council seats, while Boris Johnson’s gained 235.","The Conservatives gained 235 council seats in last week’s (6 May) local elections in England, winning control of an additional 13 councils. Labour, meanwhile, lost one in five of the seats that it previously held."
"1753632402-56","https://www.newstatesman.com/author/nicu-calcea","Pubs and cafés are back – but the UK economy will be slow to recover","https://www.newstatesman.com/business/sectors/2021/05/pubs-and-caf-s-are-back-uk-economy-will-be-slow-recover","Pubs and cafés are back – but the UK economy will be slow to recover","17 May 2021","Britain’s economic recovery has been muted so far, and a cautious return to retail and hospitality could be slowed by the prospect of another wave of infections.","The reopening of indoor access to pubs, restaurants, performances and sporting events today (17 May) has been keenly anticipated. The latest step in the roadmap out of lockdown follows celebrations last month after outdoor hospitality reopened on 12 April, but early indicators show customers have been more cautious than images of crowded beer gardens might have suggested."
"1753632404-57","https://www.newstatesman.com/author/nicu-calcea","How the UK became a stage for hate during the Israel-Palestine conflict","https://www.newstatesman.com/politics/uk-politics/2021/05/how-uk-became-stage-hate-during-israel-palestine-conflict","How the UK became a stage for hate during the Israel-Palestine conflict","21 May 2021","Reports of hate incidents against both Jews and Muslims in the UK have increased over the past two weeks.","Israel and Hamas agreed to a ceasefire on Thursday 19 May after 11 days of a conflict that has killed 230 people in Gaza and 12 in Israel. In the UK, Prime Minister Boris Johnson has welcomed the ceasefire and called for “a durable solution to the Israeli-Palestinian conflict”."
"1753632407-58","https://www.newstatesman.com/author/nicu-calcea","How the Indian Covid variant has surged in England","https://www.newstatesman.com/science-tech/2021/05/how-indian-covid-variant-has-surged-england","How the Indian Covid variant has surged in England","28 May 2021","The variant now accounts for up to 75 per cent of new coronavirus cases.","A new strain of Covid-19, first identified in India, is rapidly spreading across England, with the variant accounting for up to 75 per cent of new cases, the Health Secretary, Matt Hancock, has said."
"1753632409-59","https://www.newstatesman.com/author/nicu-calcea","How Joe Biden’s popularity in the UK far exceeds Donald Trump’s","https://www.newstatesman.com/world/americas/north-america/us/2021/06/how-joe-biden-s-popularity-uk-far-exceeds-donald-trump-s","How Joe Biden’s popularity in the UK far exceeds Donald Trump’s","11 June 2021","The new US president is currently the second most popular foreign politician among the British public.","In contrast to Donald Trump, an extremely unpopular US president abroad, Joe Biden, who is in the UK for the G7 summit, has inspired confidence among the British public. Figures from YouGov, based on polling between January 2021 and March 2021, show that Biden is currently the second most popular foreign politician in the UK, with over half of respondents (51 per cent) having a positive opinion of him. Barack Obama remains the most popular foreign leader, earning the approval of 71 per cent of UK voters, while Trump remains highly unpopular (with 71 per cent disapproving)."
"1753632411-60","https://www.newstatesman.com/author/nicu-calcea","How the G7’s economic power has diminished","https://www.newstatesman.com/business/economics/2021/06/how-g7-s-economic-power-has-diminished","How the G7’s economic power has diminished","11 June 2021","As the group's dominance of the global economy shrinks, is it time to reinvent its membership?","The G7 has long presented itself as a group of the world’s wealthiest countries, which together account for around half of global GDP. This allows its members – Canada, France, Germany, Italy, Japan, the UK and the US – to claim legitimacy when they make decisions about some of the biggest issues affecting humanity."
"1753632413-61","https://www.newstatesman.com/author/nicu-calcea","UK house prices grow at fastest rate in 16 years","https://www.newstatesman.com/politics/2021/06/uk-house-prices-grow-at-fastest-rate-in-16-years","UK house prices grow at fastest rate in 16 years","29 June 2021","House prices in Britain rose by an annual rate of 13.4 per cent in June 2021, the highest since 2004.","House prices in Britain rose by 13.4 per cent in June 2021 compared to the same month last year – the highest annual growth rate since November 2004."
"1753632415-62","https://www.newstatesman.com/author/nicu-calcea","Bubble trouble: pupil Covid-19 school absences quadrupled in June","https://www.newstatesman.com/politics/2021/06/bubble-trouble-pupil-covid-19-school-absences-quadrupled-in-june","Bubble trouble: pupil Covid-19 school absences quadrupled in June","30 June 2021","Some schools in England have closed entirely this month as rising numbers of children are sent home and fewer take regular tests.","There has been a spike in pupils sent home from school in England due to Covid-19, according to the latest official figures."
"1753632417-63","https://www.newstatesman.com/author/nicu-calcea","UK Covid-19 rates are the highest of any European country after Cyprus","https://www.newstatesman.com/politics/2021/07/uk-covid-19-rates-are-highest-any-european-country-after-cyprus","UK Covid-19 rates are the highest of any European country after Cyprus","12 July 2021","Coronavirus cases in Britain have reached their highest level since January with 221,000 in the last week.","UK Covid-19 cases have surged with 221,000 people testing positive in the UK in the week to 11 July, official figures show. In Europe, only Cyprus has a higher case rate – over 1,000 new daily cases per one million people – compared to Britain’s 461 new cases per million."
"1753632419-64","https://www.newstatesman.com/author/nicu-calcea","How the EU has overtaken the US on Covid-19 vaccines","https://www.newstatesman.com/science-tech/2021/07/how-eu-has-overtaken-us-covid-19-vaccines","How the EU has overtaken the US on Covid-19 vaccines","26 July 2021","More than 57 per cent of EU residents have now received at least one dose of a coronavirus vaccine.","After a relatively slow start, Covid-19 vaccination rates have risen across the European Union – and now surpass levels in the United States, official figures show."
"1753632421-65","https://www.newstatesman.com/author/nicu-calcea","Smoking-related cancers are twice as high among England’s poorest","https://www.newstatesman.com/politics/2021/08/smoking-related-cancers-are-twice-high-among-england-s-poorest","Smoking-related cancers are twice as high among England’s poorest","3 August 2021","A new report estimates there are some 11,247 smoking-related cancer cases each year among those in England’s most deprived areas, compared to just 6,200 in the least deprived areas.","Smoking is responsible for more than twice as many cancer diagnoses among England’s poorest residents than among its richest, according to estimates from Cancer Research UK published on Tuesday (3 August)."
"1753632423-66","https://www.newstatesman.com/author/nicu-calcea","How the US and the UK accept far fewer Afghan refugees than other countries","https://www.newstatesman.com/world/2021/08/how-us-and-uk-accept-far-fewer-afghan-refugees-other-countries","How the US and the UK accept far fewer Afghan refugees than other countries","19 August 2021","The UK took in 9,351 Afghan refugees in 2020, while Germany accommodated 148,000.","The Taliban’s takeover of Afghanistan has prompted the start of a mass exodus of people fleeing the country’s new government. Western countries have announced plans to accept some of these people, with the UK committing to welcome 20,000 people over the next five years, with women and religious minorities receiving priority access to the resettlement programme."
"1753632426-67","https://www.newstatesman.com/author/nicu-calcea","China’s income inequality is among the world’s worst","https://www.newstatesman.com/world/2021/08/china-s-income-inequality-among-world-s-worst","China’s income inequality is among the world’s worst","23 August 2021","The gap between the rich and poor in China is almost as huge as in the US.","Despite the global recession triggered by the Covid-19 pandemic, China has managed to largely avoid the economic fallout. It reported a rise in GDP of 7.9 per cent for the second quarter of 2021 compared to the same period the year before – much higher than most developed nations."
"1753632428-68","https://www.newstatesman.com/author/nicu-calcea","How the NHS now dominates public spending","https://www.newstatesman.com/politics/2021/09/how-the-nhs-now-dominates-public-spending","How the NHS now dominates public spending","9 September 2021","Health and social care will soon account for 40 per cent of the UK government’s day-to-day spending, up from 30 per cent a decade ago.","Health and social care spending will soon account for 40 per cent of the UK government’s day-to-day spending, analysis by the Resolution Foundation shows. This figure is a dramatic increase compared with 2004-05, when it accounted for 28 per cent of spending."
"1753632430-69","https://www.newstatesman.com/author/nicu-calcea","Five fossil fuel companies are suing governments for more than $18bn","https://www.newstatesman.com/chart-of-the-day/2021/09/five-fossil-fuel-companies-are-suing-governments-for-more-than-18bn","Five fossil fuel companies are suing governments for more than $18bn","17 September 2021","Firms are taking legal action after their profits were affected by climate policies.","Five fossil fuel firms are suing governments in Europe and the US for more than $18.1bn after their profits were affected by climate change policies, research by Global Justice Now shows. The biggest of these lawsuits has been filed by the Canadian giant TC Energy, which operates much of the energy infrastructure in North America. The company is asking for $15bn as retribution for Joe Biden’s decision to revoke the Keystone XL pipeline permit."
"1753632432-70","https://www.newstatesman.com/author/nicu-calcea","Why China’s pledge to end coal funding abroad is a dramatic moment","https://www.newstatesman.com/world/2021/09/why-chinas-pledge-to-end-coal-funding-abroad-is-a-dramatic-moment","Why China’s pledge to end coal funding abroad is a dramatic moment","22 September 2021","Xi Jinping’s country had planned to build more than 56,135 megawatts worth of coal infrastructure by 2050.","The Chinese president Xi Jinping has pledged to stop building coal energy plants abroad in an effort to tackle climate change. “China will step up support for other developing countries in developing green and low-carbon energy and will not build new coal-fired power projects abroad,” Xi said in a video message at the United Nations General Assembly."
"1753632434-71","https://www.newstatesman.com/author/nicu-calcea","The Universal Credit reduction is the biggest overnight benefit cut in history","https://www.newstatesman.com/chart-of-the-day/2021/10/the-universal-credit-reduction-is-the-biggest-overnight-benefit-cut-in-history","The Universal Credit reduction is the biggest overnight benefit cut in history","6 October 2021","The £1,040-a-year benefit cut is the biggest since the creation of the British welfare state.","The £20-a-week Universal Credit uplift (£1,040 a year), which was introduced to support people during the Covid-19 pandemic, officially ends today. The change represents the biggest overnight cut in benefits since the creation of the British welfare state, and one of the biggest total cuts, according to analysis by the Resolution Foundation. It will affect some six million families in the UK."
"1753632436-72","https://www.newstatesman.com/author/nicu-calcea","How Covid-19 vaccines have dramatically reduced deaths","https://www.newstatesman.com/chart-of-the-day/2021/10/how-covid-19-vaccines-have-dramatically-reduced-deaths","How Covid-19 vaccines have dramatically reduced deaths","21 October 2021","The ratio of deaths to total cases has changed from 3 per cent during the second wave to just 0.3 per cent last week.","The number of Covid-19 cases in the UK has risen sharply in recent weeks, with Health Secretary Sajid Javid warning that the daily figure could hit 100,000. Despite that, and despite calls from doctors to reimpose some restrictions such as mandatory masks, health minister Edward Argar has insisted the NHS is not yet under “unsustainable pressure”."
"1753632438-73","https://www.newstatesman.com/author/nicu-calcea","Why the world must abandon coal power to avoid climate catastrophe","https://www.newstatesman.com/chart-of-the-day/2021/11/why-the-world-must-abandon-coal-power-to-avoid-climate-catastrophe","Why the world must abandon coal power to avoid climate catastrophe","1 November 2021","Western countries need to completely phase out coal by 2030 to limit global warming to below 1.5°C.","The world must drastically reduce the role coal plays in generating its electricity if it wants to avoid the worst effects of climate change. Analysis of various scenarios by Ember, an energy data and research company, shows that OECD countries need to completely phase out coal by 2030, with the rest of the world following suit by 2040, if they are to limit global warming to 1.5°C below pre-industrial levels."
"1753632440-74","https://www.newstatesman.com/author/nicu-calcea","Which countries are the biggest carbon emitters in history?","https://www.newstatesman.com/chart-of-the-day/2021/11/which-countries-are-the-biggest-carbon-emitters-in-history","Which countries are the biggest carbon emitters in history?","15 November 2021","China and India are far behind countries such as the US and UK for cumulative emissions.","The Cop26 conference ended on Saturday with an ambitious agreement between countries to halve global carbon emissions by 2030."
"1753632443-75","https://www.newstatesman.com/author/nicu-calcea","Exclusive: Tory MPs would be over £1m worse off in six months with Boris Johnson’s second job ban","https://www.newstatesman.com/politics/2021/11/exclusive-tory-mps-would-be-over-1m-worse-off-in-six-months-with-boris-johnsons-second-job-ban","Exclusive: Tory MPs would be over £1m worse off in six months with Boris Johnson’s second job ban","25 November 2021","Original New Statesman analysis finds Conservative MPs in political consultancy or similar advisory roles over the past six months earned £1,088,036 between them.","In the last parliamentary session alone, 42 Conservative MPs earned over a million pounds between them in second jobs that face being banned in the House of Commons."
"1753632445-76","https://www.newstatesman.com/author/nicu-calcea","Where are the people attempting to cross the Channel coming from?","https://www.newstatesman.com/chart-of-the-day/2021/11/where-are-the-people-attempting-to-cross-the-channel-coming-from","Where are the people attempting to cross the Channel coming from?","25 November 2021","At least 167 migrants have died or gone missing on the English Channel route since 2014, not counting those who drowned on 24 November.","More than half of the migrants crossing the English Channel come from Iran, official figures show."
"1753632447-77","https://www.newstatesman.com/author/nicu-calcea","How UK wages are stagnating","https://www.newstatesman.com/uncategorized/2021/12/how-uk-wages-are-stagnating","How UK wages are stagnating","15 December 2021","Boris Johnson has promised a “high-wage economy”, but pay growth was flat in the year to October.","Wage growth continued to slow in October as inflation reached a 10-year high, figures published by the Office for National Statistics reveal."
"1753632449-78","https://www.newstatesman.com/author/nicu-calcea","The Covid-19 pandemic made us fall in love with Christmas songs","https://www.newstatesman.com/culture/2021/12/the-covid-19-pandemic-made-us-fall-in-love-with-christmas-songs","The Covid-19 pandemic made us fall in love with Christmas songs","24 December 2021","Our data team has tracked the performance of nearly 200 merry tunes released since the turn of the millennium.","When is it too early to start listening to Mariah Carey’s “All I Want for Christmas Is You”? Never, the
      singer suggests in a
          video she posted on Twitter on 1 November, in which she ceremoniously smashes three Halloween
      pumpkins with a baseball bat that are carved to spell out “IT’S NOT TIME”, as her 1994 hit starts playing in
      the background."
"1753632451-79","https://www.newstatesman.com/author/nicu-calcea","How does the cost of the BBC TV licence compare to streaming?","https://www.newstatesman.com/politics/media/2022/01/how-does-the-cost-of-the-bbc-tv-licence-compare-to-streaming","How does the cost of the BBC TV licence compare to streaming?","17 January 2022","At £13.25 a month, the licence fee is cheaper than Netflix’s premium tier and Sky’s streaming service.","The Culture Secretary Nadine Dorries has announced the BBC licence fee will be frozen for the next two years and then abolished from 2027 if the Conservatives are still in power. “The days of the elderly being threatened with prison sentences and bailiffs knocking on doors are over,” Dorries declared."
"1753632453-80","https://www.newstatesman.com/author/nicu-calcea","How Europe is hooked on Russian gas","https://www.newstatesman.com/world/2022/01/how-europe-is-hooked-on-russian-gas","How Europe is hooked on Russian gas","20 January 2022","The EU’s reliance on imports of the fuel from its eastern neighbour has only grown since the 2014 annexation of Crimea.","As the threat of a Russian invasion of Ukraine looms, one of the levers that Moscow has at its disposal is its valuable exports of natural gas. The EU continues to remain overwhelmingly dependent on these exports, even as tensions between Russia and the West have risen in recent years."
"1753632455-81","https://www.newstatesman.com/author/nicu-calcea","How Portugal’s Socialists triumphed in the general election","https://www.newstatesman.com/chart-of-the-day/2022/01/how-portugals-socialists-triumphed-in-the-general-election","How Portugal’s Socialists triumphed in the general election","31 January 2022","The prime minister António Costa has won an unexpected majority after six years in office.","Portugal’s incumbent Socialist Party won an unexpected majority in the country’s snap general election on Sunday, giving the prime minister a strong new mandate. The election was called after the government lost the support of two smaller left-wing allies, the Communist Party and the Left Bloc, and failed to pass a budget."
"1753632457-82","https://www.newstatesman.com/author/nicu-calcea","Will Ukraine be the source of Europe’s next migrant crisis?","https://www.newstatesman.com/uncategorized/2022/02/will-ukraine-be-the-source-of-europes-next-migrant-crisis","Will Ukraine be the source of Europe’s next migrant crisis?","10 February 2022","Up to 1.5 million Ukrainians were internally displaced by Russia’s 2014 invasion of the country.","BERLIN – One of the consequences of a Russian invasion of Ukraine, such as the one Kremlin has threatened for months, would likely be a massive displacement of civilians."
"1753632460-83","https://www.newstatesman.com/author/nicu-calcea","Was Sweden’s Covid-19 policy really successful?","https://www.newstatesman.com/chart-of-the-day/2022/02/was-swedens-covid-19-policy-really-successful","Was Sweden’s Covid-19 policy really successful?","14 February 2022","The country’s death rate is more than double that of Denmark, the next most affected Nordic state.","Sweden’s liberal approach to Covid-19 has apparently been vindicated, according to some British commentators. Its death rate, however, compares unfavourably with that of its Nordic neighbours."
"1753632462-84","https://www.newstatesman.com/author/nicu-calcea","How the Russian rouble has plummeted to a record low","https://www.newstatesman.com/business/2022/02/how-the-russian-rouble-has-plummeted-to-a-record-low","How the Russian rouble has plummeted to a record low","28 February 2022","Following the imposition of Western sanctions the rouble is now worth less than one US cent.","The Russian rouble fell to a record low today (28 February) following the imposition of more Western sanctions and Vladimir Putin’s decision to put Russia’s nuclear forces on “special alert”."
"1753632464-85","https://www.newstatesman.com/author/nicu-calcea","Russia cracks down on protesters across the country","https://www.newstatesman.com/world/2022/03/russia-cracks-down-on-protesters-across-the-country","Russia cracks down on protesters across the country","7 March 2022","More than 12,000 people have been detained for protesting since Russia's invasion of Ukraine","The day after Putin ordered his troops into Ukraine, Irina Maltseva was arrested in the Russian city of Ivanovo. The self-employed tour guide had been taking part in a protest against the invasion. “It was broken up by force, even though there was no legal basis for that,” she told the New Statesman. “They were detaining everyone there, including me.”"
"1753632466-86","https://www.newstatesman.com/author/nicu-calcea","War in Ukraine threatens to create a global food crisis","https://www.newstatesman.com/chart-of-the-day/2022/03/war-in-ukraine-threatens-to-create-a-global-food-crisis","War in Ukraine threatens to create a global food crisis","14 March 2022","Grains, fertiliser and fuel are soaring in price.","Russia’s invasion of Ukraine is threatening food security across the world, with prices for energy, fertiliser and food reaching all-time highs, New Statesman analysis found."
"1753632468-87","https://www.newstatesman.com/author/nicu-calcea","Personal inflation calculator: how do you compare to the rest of Britain?","https://www.newstatesman.com/business/economics/2022/03/personal-inflation-calculator-how-do-you-compare-to-the-rest-of-britain","Personal inflation calculator: how do you compare to the rest of Britain?","23 March 2022","Our calculator shows how you could be affected by surging prices in the UK.","Inflation is increasingly driving up the cost of living in Britain, with the latest figures showing an annual increase in prices of 8.8 per cent to July 2022, according to the Office for National Statistics (ONS). This figure represents the CPIH, which accounts for housing costs, rather than the more widely watched CPI."
"1753632470-88","https://www.newstatesman.com/author/nicu-calcea","Record-high temperatures in Antarctica leave scientists worried","https://www.newstatesman.com/chart-of-the-day/2022/03/record-high-temperatures-in-antarctica-leave-scientists-worried","Record-high temperatures in Antarctica leave scientists worried","28 March 2022","Temperatures peaked at 40°C above their normal level for this time of year.","An ice shelf in east Antarctica collapsed this month as temperatures reached the highest point in recorded history. The largest fragment of the Conger Ice Shelf, which is about the size of New York City, is now an iceberg, according to satellite imagery."
"1753632472-89","https://www.newstatesman.com/author/nicu-calcea","How the centre-left and centre-right in France collapsed","https://www.newstatesman.com/chart-of-the-day/2022/04/how-the-centre-left-and-centre-right-in-france-collapsed","How the centre-left and centre-right in France collapsed","11 April 2022","The Socialists and Republicans, the two traditional governing parties, have suffered their worst election results in history.","The first round of the French presidential election dealt another blow to Parti Socialiste (PS) and Les Républicains (LR), the two traditional governing parties. The latter’s candidate, Valérie Pécresse, finished fifth with 4.8 per cent of the vote, while the former’s candidate, the mayor of Paris Anne Hidalgo, finished tenth with just 1.7 per cent."
"1753632475-90","https://www.newstatesman.com/author/nicu-calcea","How Right to Buy fuelled the housing crisis","https://www.newstatesman.com/chart-of-the-day/2022/05/how-right-to-buy-fuelled-the-housing-crisis","How Right to Buy fuelled the housing crisis","3 May 2022","Many council homes sold through the scheme ended up on the private rental market.","Boris Johnson is considering reviving the Thatcher-era “Right to Buy” scheme by giving people the chance to purchase the properties they rent from housing associations at a discounted price."
"1753632477-91","https://www.newstatesman.com/author/nicu-calcea","How CEO pay has returned to pre-pandemic levels","https://www.newstatesman.com/chart-of-the-day/2022/05/how-ceo-pay-has-returned-to-pre-pandemic-levels","How CEO pay has returned to pre-pandemic levels","30 May 2022","The median FTSE 100 chief executive was paid £3.6m in 2021.","Chief executives at Britain’s biggest companies are now paid more than before the pandemic, with a median package of £3.6m in 2021, an analysis by the consultancy firm Deloitte has revealed."
"1753632479-92","https://www.newstatesman.com/author/nicu-calcea","How scammers are exploiting the war in Ukraine","https://www.newstatesman.com/spotlight/tech-regulation/cybersecurity/2022/06/how-scammers-are-exploiting-the-war-in-ukraine","How scammers are exploiting the war in Ukraine","1 June 2022","Spotlight analysis reveals a spike in registrations of domains referencing the conflict.","On 24 February, Russian troops invaded Ukraine, marking a pivotal point in the conflict which started with Russia’s illegal annexation of Crimea, Ukraine’s southern peninsula, in 2014."
"1753632481-93","https://www.newstatesman.com/author/nicu-calcea","How the cryptocurrency market has crashed","https://www.newstatesman.com/chart-of-the-day/2022/06/how-the-cryptocurrency-market-has-crashed","How the cryptocurrency market has crashed","14 June 2022","The main crypto index shows that prices are 72 per cent below their peak.","Cryptocurrency trading took another hit today, with prices continuing to sink as the buying spree that took prices to record levels goes into reverse."
"1753632483-94","https://www.newstatesman.com/author/nicu-calcea","Software is becoming more interdependent, and that’s a big security problem","https://www.newstatesman.com/spotlight/tech-regulation/cybersecurity/2022/06/software-is-becoming-more-interdependent-and-thats-a-big-security-problem","Software is becoming more interdependent, and that’s a big security problem","20 June 2022","Recent incidents have highlighted the risks of relying on a growing ecosystem of third-party software packages.","On 16 March, 20 days after Russia invaded Ukraine, users of the Vue.js development framework were panicking. Vue is a set of tools that makes it easier for developers to build interfaces for websites and web applications, including at companies like Facebook, Netflix and Nintendo. According to BuiltWith, it powers 19.8 per cent of the world’s biggest 10,000 websites."
"1753632485-95","https://www.newstatesman.com/author/nicu-calcea","Hundreds of Ukrainian families are being left homeless in the UK","https://www.newstatesman.com/chart-of-the-day/2022/06/ukrainian-families-left-homeless-uk","Hundreds of Ukrainian families are being left homeless in the UK","28 June 2022","At least 660 Ukrainian households have found themselves with nowhere to stay.","Hundreds of Ukrainian families have become homeless after arriving in the UK as refugees, figures released by the Department for Levelling Up, Housing and Communities show."
"1753632487-96","https://www.newstatesman.com/author/nicu-calcea","Shooting deaths in the US reveal the deadly cost of America’s gun obsession","https://www.newstatesman.com/chart-of-the-day/2022/07/how-many-shootings-deaths-america-united-states","Shooting deaths in the US reveal the deadly cost of America’s gun obsession","5 July 2022","There were 39,682 deaths from guns in 2019, the worst rate in the developed world.","Just a month and a half after an 18-year-old entered an elementary school in Uvalde, Texas on Tuesday and killed 21 people, 6 people have been killed in a mass shooting at an Independence Day parade in Illinois. The United States has the highest share of gun-related deaths among all developed countries, and one of the highest in the world."
"1753632490-97","https://www.newstatesman.com/author/nicu-calcea","Which countries could Putin try to ‘protect’ next?","https://www.newstatesman.com/world/europe/ukraine/2022/07/which-countries-bordering-russia-invade-next-putin","Which countries could Putin try to ‘protect’ next?","18 July 2022","The Kremlin has used the pretext of defending Russian speakers to threaten former Soviet states.","The Kremlin has used the pretext of defending ethnic Russians to attack Ukraine, and to threaten other former Soviet states. Recently it has threatened Moldova, with a Russian commander saying in April that gaining control over southern Ukraine would help Russia link up with the breakaway Moldovan region of Transnistria. Dmitry Peskov, the Kremlin press secretary, claimed in June that Moldova associates its pursuit of EU candidate status, which it was granted on 23 June, with opposition to Russia. “The more they become anti-Russian, it seems to them that the more Europeans should like them. We would really not want this to happen,” he said."
"1753632492-98","https://www.newstatesman.com/author/nicu-calcea","How the rise of buy-to-let landlords fuelled the housing crisis","https://www.newstatesman.com/chart-of-the-day/2022/07/buy-to-let-landlords-housing-crisis","How the rise of buy-to-let landlords fuelled the housing crisis","29 July 2022","First-time buyers have been priced out of the housing market by wealthier people.","In the 20 years from 2000, the proportion of people owning two or more homes more than doubled, according to analysis by the Joseph Rowntree Foundation."
"1753632494-99","https://www.newstatesman.com/author/nicu-calcea","How UK cash withdrawals have reached a record high","https://www.newstatesman.com/chart-of-the-day/2022/08/uk-cash-withdrawals-usage-record-high","How UK cash withdrawals have reached a record high","9 August 2022","The cost-of-living crisis has led to a 20 per cent year-on-year rise in cash withdrawals.","The Post Office handled £829m in personal and business cash withdrawals in July. This represents an increase of nearly 8 per cent compared to the month before, and an increase of 20 per cent compared to the same month in 2021."
"1753632496-100","https://www.newstatesman.com/author/nicu-calcea","Two thirds of UK families to enter fuel poverty by January","https://www.newstatesman.com/chart-of-the-day/2022/08/uk-families-people-fuel-poverty-january","Two thirds of UK families to enter fuel poverty by January","18 August 2022","If annual bills rise to £4,200, 66 per cent of families will be considered fuel-poor.","Nearly 46 million people in the UK could be in fuel poverty by next January, an analysis by researchers at the University of York has found."
"1753632498-101","https://www.newstatesman.com/author/nicu-calcea","Can your favourite pub afford to keep the lights on this winter?","https://www.newstatesman.com/chart-of-the-day/2022/08/pubs-closing-electricity-energy-bills-winter","Can your favourite pub afford to keep the lights on this winter?","30 August 2022","Business electricity spending is set to rise rapidly in October.","Businesses’ spending on electricity is set to more than double as a share of all expenditure compared with 2018, New Statesman analysis found."
"1753632501-102","https://www.newstatesman.com/author/nicu-calcea","How much territory does Ukraine control? Use this interactive map to find out","https://www.newstatesman.com/world/europe/ukraine/2022/10/ukraine-war-map-gains-russia-retreats-interactive","How much territory does Ukraine control? Use this interactive map to find out","7 October 2022","The New Statesman's interactive map shows the size of Ukraine's occupied territory when compared to other countries","Editor’s note: The article was originally published in June. It has been updated in light of recent events. Beginning in late August, Ukraine’s armed forces launched a counteroffensive to retake occupied areas in the Kharkiv, Donetsk and Luhansk regions of the country. Throughout September the counteroffensive successfully retook a large area of the east, and in October Ukraine announced gains in its counteroffensive in the south. In an address on 4 October, Ukrainian president Volodymyr Zelensky said, “The Ukrainian army is carrying out a pretty fast and powerful advance in the south of our country as part of the current defence operation.”"
