Count,Name,Available,Latitude,Longitude,View
1,Romford Rd / Tennyson Rd,true,51.5421,0.00524,WEST - Broadway
2,Piccadilly Circus,true,51.5096,-0.13484,Piccadilly Circus
3,Blackheath Rd/Greenwich High Rd,true,51.4742,-0.02073,West (A2 twds New Cross)
4,Edgware Way / Broadfields Ave,true,51.6216,-0.27384,WEST-A41 Edgware Way
5,Cromwell Rd/Earls Court Rd,true,51.4946,-0.1957,South (Earls Court Road)
6,Oxford St/Orchard St,true,51.514,-0.15409,EAST - Oxford Street
7,A205 Tulse Hill/ Thurlow Park Rd,true,51.441,-0.10633,WEST - Tulse Hill
8,East Cross Route/Tredeger Rd,true,51.5336,-0.02256,N\/WEST-A12 twds Hackney
9,Horseferry Rd/Marsham St,true,51.4949,-0.12891,East - Horseferry Rd twds Lambeth bridge
10,George St/Wellesley Rd,true,51.3741,-0.09646,Wellesley Rd N\/B
11,Ferry Lane,true,51.5119,0.18383,East Facing
12,A23 Purley Way/Edgehill Rd,true,51.3456,-0.11434,North - A23 Purley Way
13,A41 Hendon Way/Cricklewood Lane,true,51.5613,-0.20345,IRID - South (A41 Hendon Way twds Swiss Cottage)
14,Goldhawk Rd/HSmith Grove,true,51.5021,-0.22886,West (twds Stamford Brook)
15,A205 Christchurch Rd/A23 Brixton H,true,51.4452,-0.12418,IRID - West - Streatham Place
16,Buckingham Palace Rd/Eaton Lane,true,51.4972,-0.14465,Buckingham Palace Rd - South
17,Southwark St/Southwark Bdge Rd,true,51.5048,-0.09535,West - Southwark St twds Blackfriars
18,A24 South of Trevelyan Rd,true,51.424,-0.17185,SOUTH - A24 jct Blackshaw Road
19,Victoria St/Wilton Rd,true,51.4963,-0.14243,A202 Vauxhall Br Rd S\/B
20,A205 E of Sydenham Hill,true,51.4408,-0.06361,West (A205 twds Dulwich)
21,A21 London Rd/Tweedy Rd,true,51.4089,0.01086,A21 Tweedy Road (twds Bromley North Station)
22,Wandsworth Common North,true,51.458,-0.18139,EAST-A3 North Side Wandsworth Cmn
23,Stafford Rd/Epsom Rd,true,51.3672,-0.11608,East (A232 twds Croydon)
24,Kennington Oval,true,51.483,-0.11601,Kennington Oval - S\/East
25,Stratford Broadway/Gt Eastern Rd,true,51.5393,-0.00055,EAST - Stratford Broadway (twds Romford Road)
26,A2 Riefld/Rochstr,true,51.458,0.08007,East Facing
27,Angel Islington,true,51.5319,-0.10642,East - Goswell Rd
28,St Georges Sq/Lupus St,true,51.4887,-0.13477,NW - A3213 Belgrave Road
29,Farringdon Rd opp Ray St,true,51.5232,-0.10792,Farringdon Rd S\/B
30,North End Rd/Talgarth Rd,true,51.4907,-0.20696,A4 West Bnd
31,A501 W of Park Sq East,true,51.524,-0.14568,West - A501 twds Paddington
32,Brighton Road,true,51.3324,-0.12398,A23 N\/B
33,Old Brompton Rd / Earls Court Rd,true,51.4896,-0.19005,A3220 Earls Court Rd (from Kensington)
34,Grt Cambridge Rd/Bullsmore Ln,true,51.6799,-0.05135,North (twds M25 J25)
35,Tooley St/Bermondsey St,true,51.5046,-0.08342,West - Tooley St twds London Bridge
36,A205 Brownhill Rd/Plassey Rd,true,51.4459,-0.01723,1 East-A205 brown hill road
37,Putney High St/Lwr Richmond Rd,true,51.4659,-0.21409,Putney Bridge Southside - Viewing North
38,Lwr Clapton/Powerscroft,true,51.5526,-0.05272,N\/B A102 Lwr Clapton Rd
39,Upper Richmond Rd/Colinette Rd,true,51.4634,-0.22988,East (A205 twds Putney)
40,Balham High Rd/Drakefield Rd,true,51.4372,-0.15762,South - A24 twds Tooting
41,Uxbridge Rd/Park View Rd,false,51.511,-0.36935,West - A4020 twds Southall
42,Balham High Rd/Balham Pk Rd,true,51.4422,-0.15409,North (A24 twds Clapham)
43,A4 west of Sipson Road,true,51.4814,-0.451,Facing East - A4 Twds Cranford
44,Seven Sisters Rd/Alexandria Grove,true,51.568,-0.09933,Seven Sisters Rd - North\/East
45,Bressenden Place / Stag Place,true,51.4976,-0.14207,WEST - Bressenden Place (twds Buckingham Palace Road)
46,Hanger Lane,true,51.5317,-0.29256,SOUTH-A406 Hanger Lane
47,A12 Colville R 3732A,true,51.559,-0.00218,South West Facing
48,Seven Sisters Rd Op Yonge Pk,true,51.5623,-0.11041,N\/EAST - A503 Seven Sis Rd
49,Purley Way/Croydon Road,true,51.368,-0.11885,A23 N\/B
50,Edgeware Rd/Madia Ave,true,51.5243,-0.17652,A5 Edgeware Rd N\/B
51,A10 North of Holywell Ln,true,51.5239,-0.07727,A10 N\/B
52,Bow Rd/Alfred St,false,51.5271,-0.0255,IRID West - A11 Twds Mile End
53,Connaught Bridge/Connaught Rd,true,51.5049,0.03964,North - Connaught Bridge
54,White Lion St / Upper St,true,51.5328,-0.107,EAST-White Lion St\/Upper St
55,Sterling Way Slip/Victoria St,true,51.6145,-0.06816,Sterling Way Slip E\/B
56,A21 Bromley Rd/Newquay Rd,true,51.4371,-0.0185,South (A21 twds Downham)
57,Tottenham Broad Lane/The Hale,true,51.5883,-0.06344,Ferry Lane - East
58,Battersea Pk Rd/Battersea Brg,false,51.4723,-0.16512,Battersea Pk Rd W\/B
59,Tadema Rd Sth Kings Rd,true,51.4811,-0.18307,IRID - North - Gunter Grove
60,Stamford Hill/Dunsmure Road,true,51.5702,-0.07297,Stamford Hill (S\/B)
61,A4 Great W Rd/Syon Ln,true,51.4833,-0.32614,East (A4 twds Brentford)
62,Vauxhall Brd Rd/Drummond Gt,true,51.4897,-0.13145,Vauxhall Bdg Rd S\/B
63,Seven Sisters Rd/St Ann,true,51.5798,-0.07978,North (twds Tottenham)
64,Old Kent Rd/Albany Rd,true,51.4881,-0.07669,NORTH-A2 Old Kent Rd
65,A4 Bath Rd/The Avenue,true,51.48,-0.4118,A4 Bath Rd\/The Ave W\/B
66,A4 Colnbrook/Stanwell Moor Rd,true,51.4839,-0.49248,A4 West
67,A406 Gunnersbury Ave/Gunnersbury Ln,true,51.5006,-0.2843,North (twds Ealing)
68,Old Kent Rd/Glengall Rd,true,51.4861,-0.07211,S\/EAST-A2 Old Kent Rd
69,Stoke Newington Rd/Evering Rd,true,51.5571,-0.07466,A10 -South
70,M11/A406 N/Bnd 109A,true,51.5845,0.0397,North Facing
71,Homerton High St/Digby Road,true,51.5482,-0.04448,East - Homerton High St
72,Seven Sisters Rd/Holloway Rd,true,51.5579,-0.11958,A1 Holloway Rd N\/B
73,Thornton Rd/Broughton Rd,false,51.3916,-0.11798,North (A23 twds Streatham)
74,A23 Streatham H Rd/Kingscourt Rd,true,51.4344,-0.12845,North (A23 twds Brixton)
75,A501 West of Judd Street,true,51.5291,-0.12666,Easbound
76,Harrow Rd/Westbourne Terrace,false,51.5198,-0.18509,A40-Eastbound Paddington exit slip
77,Victoria Embkmt/Temple Place,true,51.5107,-0.11512,IRID- East - Victoria Embankment
78,A406/Telford Rd/Bowes Rd,true,51.6151,-0.12769,TEMP home - Burst water main
79,EIDT East Ramp,true,51.5141,0.00238,East Facing
80,Watford Way/Great North Way,true,51.6019,-0.23509,NORTH - A1 Watford Way
81,Lr Clapton Rd/Thislewaite Rd,false,51.557,-0.05594,North (Lea Bridge Roundabout
82,A22 Godstone Rd/Dale Rd,true,51.335,-0.11268,North - A22 twds Purley Cross
83,A4 Cromwell Rd/Queens Gate,true,51.4954,-0.17937,East - A4 twds V&A
84,Hendon Way/Queens Road,true,51.5826,-0.22677,North - A41 Watford Way
85,A312 Hampton Rd York Way,true,51.4374,-0.38065,N\/WEST - A312 Hampton Rd West
86,PARK MEAD,true,51.451,0.10833,LondonBound
87,Upper Tooting Rd/Kellino St,true,51.4305,-0.16531,A24 S\/B
88,Goodmans Yard/ Mansell Street,true,51.5112,-0.07301,WEST - Goodmanss Yard
89,A205 Westhorne Av/Sidcup Rd,true,51.4501,0.02974,East (A205 twds Shooters Hill)
90,Roehampton Vale/Stag Lane,true,51.4388,-0.24865,NORTH-A3 twds Wandsworth
91,Chelsea Embankment/Royal Hosp Rd,true,51.4838,-0.16356,West (twds Albert Bridge)
92,Tamworth Rd/North End Rd,true,51.3779,-0.10251,North - London Road
93,A24 Morden Rd/Dorset Road,false,51.4075,-0.19236,South (A24 twds Morden)
94,Bow Rd Flyover,false,51.5296,-0.0142,Home
95,A3 Clapham Rd/Lingham St,true,51.4712,-0.12362,South - Clapham Rd twds Clapham
96,Waterworks R/B,true,51.5955,0.01088,West Facing
97,A21 Bromley Rd/Bellingham Rd,true,51.4335,-0.0178,South (A21 twds Bromley)
98,A3 Clapham Rd/Stockwell Park Rd,true,51.4745,-0.12036,North - A3 Clapham Rd
99,Court Rd/Sidcup Rd,true,51.4391,0.05007,A20 South\/East
100,Uxbridge Road/Browells Lane,true,51.4453,-0.39974,North (Harlington Rd East)
101,Camberwell New Rd/Foxley Rd,true,51.4799,-0.10755,N\/WEST-Camberwell New Rd
102,Burdett Rd/Ackroyd Drive,true,51.5181,-0.03008,Burdett Rd S\/B
103,Seven Sisters Rd/Amhurst Pk,true,51.5736,-0.08793,North - twds Amhurst Park and Tottenham
104,Great Eastern Rd/Angel Lane Bridge,true,51.5443,0.00026,South - Angel Lane and Gt Eastern Rd
105,Hyde Park Corner/Park Lane,true,51.5033,-0.15099,W\/B - A4 Knightsbridge
106,Commercial Rd/New Rd,true,51.5148,-0.06229,Commerical Rd - East
107,A23 London Road/Norbury Crescent,true,51.4107,-0.12273,London road
108,A205 Upper Rmond Rd/Carlton Rd,true,51.4643,-0.2734,A205 Upper Rmond Rd\/Carlton Rd E\/B
109,A23 Purley Cross/A23 Foxley Lane,true,51.3398,-0.11739,South - A23 Purley Cross
110,A12 GGT W Appr 4002A,true,51.5739,0.02384,East Facing
111,A406 CROOKED BILLET,true,51.6007,-0.01663,East - A406
112,Romford Rd / Carlton Rd,true,51.5497,0.04485,East - Romford Rd twds Ilford
113,A12 Wick Road,true,51.5448,-0.03214,South East Facing
114,Edgware Road / Praed Street,false,51.5193,-0.16915,SOUTH-A5 Edgware Road
115,Peckham Rd E of Vestry Rd,true,51.4737,-0.08359,EAST-A202 Peckham Rd
116,A23/Epsom Road,true,51.3668,-0.11831,Purley Way - South
117,A12 Lstone E 3860A,true,51.5685,0.00745,North Facing
118,London Rd/Arragon Rd,true,51.4496,-0.33026,South - London Rd
119,Stonecot Hill/Hill Top,true,51.3846,-0.21282,Facing north twds Morden - Woodstock Junction
120,Nine Elms,false,51.4843,-0.12684,Vauxhall Cross SW corner
121,A10 North of Waterson St,true,51.5289,-0.07774,A10 N\/B
122,Romford Rd / Green St,true,51.547,0.0318,Romford Rd - West
123,A4202 Park Lane/North Row,true,51.5127,-0.15787,IRID - South (Park Lane twds Hyde Park Corner)
124,Trafalgar Rd/Greenwich Pk St,true,51.4837,-0.00014,West (twds Greenwich)
125,Walworth Rd/Heygate St,true,51.4918,-0.09814,Walworth Rd - South
126,A21 Bromley Rd/Callander Rd,true,51.435,-0.0178,South (A21 twds Downham)
127,Burdett Rd/Mile End Rd,true,51.5246,-0.03482,NORTH - Mile End Rd jct Burdett Rd
128,Charing Cross Rd/Cranbourne St,true,51.5113,-0.1283,SOUTH-CXR twds Trafalgar Square
129,London Road/Raymead Avenue,true,51.394,-0.11425,A23 London Rd - North
130,Mile End Rd/Cambridge Heath Rd,true,51.5199,-0.05565,West - Whitechapel Rd jct Cambridge Heath
131,Fore St West Ramp,true,51.6146,-0.0733,East Facing
132,A40 Western Ave/West End Rd,true,51.5487,-0.399,West (A40 twds Hillingdon)
133,H.Stead Rd/Cardington St,true,51.5294,-0.13854,SOUTH-A400 Hampstead Rd
134,Caledonian R/Caledonia S,true,51.5318,-0.12093,Caledonian Rd - Caledonia st
135,A23 Streatham H/Barrhill Rd,true,51.4403,-0.12581,South - A23 Streatham Hill
136,A20 Sidcup Rd/Coyler Close,true,51.4351,0.06308,S\/EAST-A20 Sidcup Rd
137,Euston Rd/Conway St,true,51.5243,-0.14038,West (A501 twds Paddington)
138,Baker St/S of Park Rd,true,51.5236,-0.15811,A41 Baker St S\/B
139,A501 W of Mabledon Place,true,51.5283,-0.12807,West - A501 twds Euston Station
140,Armoury Wy/Wandsworth Plain,true,51.4586,-0.19554,EAST-Armoury Way
141,Battersea Pk Rd/Queenstown Rd,true,51.4762,-0.14847,Battersea Pk Rd N\/B
142,A12 Eastern Av/Beehive Lane,true,51.5764,0.06064,IRID West A12 twds Redbridge
143,Nine Elms Ln/Cringle St,true,51.4812,-0.13804,South (twds Battersea Power Station)
144,Acre Lane/Coldharbour Lane,true,51.4614,-0.11563,A23 Brixton Road South
145,A40(M) Paddington Slip,true,51.5204,-0.19227,East A40 Westway
146,Delamare Rd/Broadway,true,51.5133,-0.3911,The Broadway - East
147,Catford One Way/Rushey Green,true,51.4449,-0.02012,NORTH - Rushey Green
148,The Causeway / Faggs Rd,true,51.4631,-0.41537,SE The Causeway
149,Commercial Rd/Dean Cross St,false,51.5143,-0.05451,Commercial Rd - West
150,Leatherhead Rd/Fairoak Lane,true,51.3419,-0.31786,South (A243 twds M25 Leatherhead)
151,A10 North of Walford Rd,true,51.5559,-0.07467,A10 Stoke Newton Rd N\/B
152,Lwr Lea Crossing/Blackwall Way,true,51.5101,0.00205,Lower Lea Crossing (twds ExCel)
153,Crayford Rd/Crayford Way,true,51.4516,0.17875,Crayford Rd
154,York Road/Falcon Road,true,51.47,-0.17175,South - Falcon Road facing twds Clapham Junction
155,A2 New Cross Rd/Besson St,true,51.4753,-0.04715,WEST - Besson St
156,A406 NCR Henlys Corner,true,51.59,-0.20008,West (A406 twds Brent Cross)
157,A3 Hook Rise/A243 Hook Rd,true,51.3752,-0.30359,A3 West
158,A13/A102 EIDR,true,51.5114,-0.00758,Blackwall Tunnel Portal
159,A2 Riefield Road,true,51.4586,0.07559,West Facing
160,A13 Alfreds Way/Movers Ln,true,51.5303,0.09318,IRID - East (A13 twds Dagenham)
161,A12/M11 Redbrdg 100A,true,51.576,0.04432,North Facing
162,A23 south of Thornton Ave,true,51.387,-0.12104,SOUTH-A23 Thornton Rd
163,Commercial Rd/Westport St,true,51.5132,-0.04356,East (A13 twds Rotherhithe Tnl)
164,Poplar Walk/Wellesley Rd,true,51.3785,-0.10001,NORTH - Wellesley Rd
165,Hendon Way / Ridge Hill,true,51.5702,-0.20871,NW Hendon Way
166,Park Lane/Barclay Rd,true,51.3716,-0.09636,Barclay Rd - East
167,A41 Sth of Fortune Grn Rd,true,51.5571,-0.19561,Finchley Rd S\/B
168,Stamford Hill/Amhurst Pk,true,51.5732,-0.07268,Stamford Hill N\/B
169,A4 Great W Rd/Macbeth St,true,51.4909,-0.23286,IRID - East - Hammersmith Flyover west ramp
170,A205 north of Broad Walk,true,51.4695,0.05439,South (A205 twds Eltham)
171,Crown Lane/Grasmere Avenue,true,51.4018,-0.19698,East - A24 Crown Lane
172,Battersea Park Rd/Forfar Rd,true,51.4747,-0.15454,Battersea Pk Rd W\/B
173,A12 Eastern Av/Brook Rd,true,51.5755,0.09367,IRID East (A12 twds Romford)
174,A2 Kidbrooke Junction,true,51.4642,0.0307,South Facing
175,Holloway Rd Nth/Furlong Rd,true,51.5477,-0.106,Holloway Rd - South
176,Mile End Rd/Globe Rd,true,51.5218,-0.04605,A11 facing west twds Aldgate
177,A10 North of Tyssen Road,true,51.5596,-0.07424,North - A10 Stoke Newington High St
178,Limehouse Tnl Aspen Way,true,51.5082,-0.02122,Home
179,Uxbridge Road/Greenford Road,true,51.5096,-0.35525,West - Uxbridge Rd twds Southall
180,York Road opp Mepham St,true,51.5043,-0.11464,SOUTH-York Road
181,Marylebone Rd/York Gate,true,51.523,-0.15271,Marylebone Rd East
182,Falloden Way/Northway/Hill Rise,true,51.5858,-0.18285,Falloden Way\/Northway W\/B
183,Upper Tooting Rd/Topsham Rd,true,51.4346,-0.1615,Upper Tooting Road - Twds Tooting Bec
184,Lea Bridge Rd/Markhouse Rd,true,51.5702,-0.02527,West (A104 Lea Bridge Rd twds Clapton)
185,H.Stead Rd/Mornington Cr,true,51.5343,-0.13926,Crowndale Rd and Eversholt St Jct
186,Prince Albert Rd/Parkway,true,51.5363,-0.14681,Pk Village East
187,Commercial Rd/Gowers Walk,true,51.5149,-0.06808,West - A13 twds Gardners Corner
188,Whitton Rd/Chertsey Rd,true,51.454,-0.3371,EAST - A316 Chertsey Rd
189,City Rd by Central St,false,51.5295,-0.09677,A501 City Rd by Central St (towards Angel)
190,A3 Clapham Rd/Crewdson Rd,true,51.4793,-0.11531,IRID - Clapham Rd South
191,Manor Rd/New Plaistow Rd,true,51.5352,0.00881,South (Manor Rd twds West Ham)
192,Upper Tooting Rd/Ansell Rd,true,51.4327,-0.16385,A24 Upr Tooting Rd
193,Victoria St/Bressenden Place,true,51.4966,-0.14156,East (Victoria St twds Parliament Square)
194,A406 NCR/Grt Central Way,true,51.5527,-0.25521,IRID - NORTH (A406 Iron Bridge twds Brent Cross)
195,Kennington Pk Rd/Penton Pl,true,51.4902,-0.10411,S\/West - A3 Kennington Park Rd
196,EIDT West Ramp Gantry,true,51.5098,-0.00254,North East Facing
197,Blackfriars Rd/St George,true,51.499,-0.10493,SOUTH-London Rd twds Elephant and Castle
198,A13 Commercial Road/Salmon Lane,true,51.5124,-0.032,WEST-A13 Commercial Rd
199,Seven Sisters Rd by Sussex Way,true,51.56,-0.11566,Seven Sisters Rd - N\/East
200,Blackfriars Rd/Stamford St,true,51.5072,-0.10443,NORTH-Blackfriars Rd
201,A10 North of Brooke Road,true,51.5606,-0.07056,A10 Rectory Rd S\/B
202,Priory Rd/Christchurch Rd,true,51.4167,-0.17875,Priory Rd W\/B
203,Kingsland Rd/Hackney Rd,true,51.5274,-0.07797,SOUTH-A10 Shoreditch High St
204,A2 Falconwood,true,51.4556,0.08867,West Facing
205,Strand/Lancaster Place,true,51.5114,-0.11924,Waterloo Bridge
206,Talgarth Rd/Gliddon Rd,true,51.4907,-0.21425,East (twds Earls Court)
207,Balham Hill/Hazelbourne Road,true,51.452,-0.14787,North - A24 twds Clapham Common
208,Croydon Flyover/Fell Rd,true,51.3708,-0.0973,WEST-Croydon Flyover
209,Green Lanes- St Ann,true,51.5828,-0.09972,Green Lanes - South
210,Brixton Hill / Elm Park,true,51.4517,-0.12151,Brixton Hill N\/B
211,Park Lane/Park St,true,51.3736,-0.09692,Facing north - Wellesley Road
212,Shoreditch High St/Batemans Row,true,51.5252,-0.07732,Shoreditch H St N\/B
213,Finchley Rd/Alvanley Grdns,true,51.5525,-0.18751,NORTH-A41 Finchley Rd
214,A5 Kilburn High Rd/Willesden Ln,true,51.5417,-0.19768,Kilburn H Rd S\/B
215,A40 /Near Mansfield Rd,false,51.5262,-0.27502,West - A40 twds Hanger Lane Tunnel
216,A12 Dyers Hl E 3830A,true,51.5661,0.00594,Home
217,Shaftesbury Ave/High Holborn,true,51.5157,-0.12612,High Holborn E\/B
218,A12 East Cross Route,true,51.5482,-0.02874,Home
219,Craven Rd/Eastborne Terrace,true,51.5152,-0.17638,Praed Street (twds Paddington)
220,Clapham High St/Venn St,true,51.4623,-0.13729,North (A3 twds Stockwell)
221,Old Kent Rd/St James Rd,true,51.4839,-0.06641,N\/WEST-A2 Old Kent Rd
222,Kings X Rd / Swinton St,true,51.5294,-0.11572,IRID - East - Swinton St
223,Kennington Pk Rd/Braganza St,true,51.4868,-0.10738,IRID - Kennington Park Rd - Sth
224,A2 Glenesk/Rochester,true,51.4571,0.06597,West Facing
225,Vauxhall Brd Rd/Stanford St,true,51.4916,-0.1359,West - VBR twds Victoria
226,A20 Lee High Rd/Belmont Hill,true,51.4624,-0.0089,West (A20 twds Loampit Vale)
227,A13 Cotton St,false,51.5113,-0.01077,East Facing
228,A3 Clapham Cmon Southside/Long Rd,true,51.4609,-0.13953,Clapham Com Sth Side S\/B
229,A23 Streatham H Rd/Streatham Cmn,true,51.4198,-0.128,A23 N\/B
230,Seven Sisters Rd/Wilberforce Rd,true,51.5656,-0.10288,Seven Sisters Road (S\/B)
231,A24 Morden Rd/Merantun Way,true,51.4135,-0.19269,1 (North Morden Road)
232,MONUMENT WAY/PARK VIEW ROAD,true,51.5896,-0.0643,Hale Road - East
233,Albert Bridge Rd,true,51.4813,-0.1663,Albert Bridge
234,Hanger Lane/Queens Parade,true,51.5169,-0.2912,Zoom - A406 Railway Bridge
235,Camberwell New Rd/Lotian Rd,true,51.4772,-0.10062,N\/WEST-A202 Camberwell New Rd
236,A406/A10 U/Pass West,true,51.6165,-0.09136,West Facing
237,Barking Rd/Chargable Lane,true,51.5217,0.02102,Barking Road facing East
238,London Rd/Craignish Av,true,51.4085,-0.12186,A23 London Rd N\/B
239,A23 Brixton Rd/Stockwell Rd,true,51.4653,-0.11407,A23 Brixton Rd facing south
240,Barking Rd/Green St,true,51.5303,0.03772,Barking Road A124 E\/B
241,Hammersmith Bridge Rd,true,51.4913,-0.22749,Hammersmith Br Rd N\/B
242,Upper St Nth/Duncan St,true,51.534,-0.10518,Upper St - South
243,East India Dock Rd/Amoy Pl,true,51.5117,-0.02756,East India Dock Rd - West
244,Battersea Rise/Northcote Rd,true,51.4607,-0.16652,battersea Rise N\/B
245,Major Rd/Crownfield Rd,true,51.551,-0.00402,High Rd Leyton
246,Denmark Hill/Champion Pk,true,51.4671,-0.09088,North - Denmark Hill Jct Champion Park
247,The Highway/Vaughan Way,true,51.509,-0.06754,"East Smithfield, to Tower Brg"
248,A406 Golf Range,true,51.6036,-0.02199,South East Facing
249,Brixton Rd/Stockwell Pk,true,51.466,-0.11345,Brixton Rd N\/B
250,Holloway Rd Sth/Hargrave Rd,false,51.5646,-0.13214,NORTH - Holloway Rd twrds Archway
251,London Rd / Staines Av,true,51.3768,-0.22177,SOUTH-A24 London Rd
252,Mile End Rd/Cephas Ave,true,51.5212,-0.04894,EAST-A11 Mile End Rd
253,Victoria St / Buckingham Palace Rd,true,51.4967,-0.14379,East - Victoria St \/ Wilton Rd
254,Bath Rd / Oxford Ave,true,51.4807,-0.42447,West - A4 towards M4 Spur
255,Ruckholt Rd/Sherrin Rd,true,51.5547,-0.01696,A106 South\/West
256,Oxford St/Davies St,true,51.5144,-0.1494,Oxford St - East
257,Hospital Bridge Rd,true,51.4422,-0.3654,WEST-A316 Great Chertsey Rd
258,Millbank/Vauxhall Bridge,true,51.4887,-0.12974,S\/EAST-Vauxhall Bridge
259,Grt Cambridge Rd/A406 NCR Rabout,true,51.617,-0.0866,SOUTH-A10\/A406 Great Cambridge Rbt
260,Lower Thames St/London Bridge,true,51.5095,-0.08688,SOUTH-London Bridge
261,Watford Way / Aerodrome Rd,true,51.5925,-0.23451,North - A41 towards A1 Fiveways
262,A41 Finchley Rd/115 Swiss Cottage,true,51.5428,-0.17519,Finchley Rd N\/B
263,A3220 Northern Roundabout,true,51.5154,-0.21693,Northern Roundabout
264,A4 Cromwell Rd/Gloucester Rd,true,51.4951,-0.18254,West (A4 twds Hammersmith)
265,City Road/Old Street,true,51.5262,-0.08771,Old St Roundabout - West
266,Blackwall Nth Portal,true,51.5103,-0.00684,South Facing
267,A4 Hogarth Roundabout,true,51.4872,-0.25186,A4 East
268,NEWHAM WAY - FORTY ACRE LANE,true,51.5158,0.01067,Home
269,Purley Way/Newman Rd,true,51.3835,-0.12116,North - A23 twds Thornton Heath
270,Borough High St/Grt Dover St,true,51.5011,-0.09317,North (twds London Bridge)
271,Grt Cambridge Rd/Bury St,true,51.6341,-0.06968,North (twds Enfield)
272,Western Ave/Alperton Lane,true,51.5322,-0.31016,East - A40 twds Hanger Lane
273,Neasden Ln North/A406,true,51.5606,-0.25377,Neasden Lane North
274,CHARLIE BROWNS ROUNDABOUT,true,51.5931,0.03633,South Bound
275,A406 Neasden Lane,true,51.5597,-0.2538,Home
276,A3 Kingston Bypass/College Gds,true,51.3957,-0.24955,South (Malden Underpass)
277,Farringdon Rd/Cowcross St,true,51.52,-0.10586,SOUTH-A201 Farringdon Rd
278,A2 Eltham West W/B,true,51.455,0.04955,Home
279,Stanstead Rd/Blythe Hill Lane,true,51.4422,-0.03345,WEST-A205 Stanstead Rd twds Forest Hill
280,A205 Upper Rmond Rd/East Sheen Ave,false,51.465,-0.26212,East - Upper Richmond Rd
281,A23 Purley Way/Queensway,true,51.3603,-0.11737,IRID - North (A23 twds Croydon)
282,A23 Streatham Hill/Sternhold Ave,true,51.4378,-0.12696,A23 Streatham Hill - North
283,Queenstwn Rd/Chelsea Bridge,true,51.4798,-0.14879,NORTH-Queenstown Rd
284,Holloway Rd Nth Rupert Rd,true,51.5628,-0.12724,South (A1 twds Highbury Corner)
285,Finchley Rd Sth of Hillgrove Rd,true,51.5414,-0.17552,A41 Finchley Rd N\/B
286,Chiswick Roundabout (Northside),true,51.4918,-0.28207,A406 NCR - North
287,A205 Upper RMond Rd/Sheen Lane,true,51.4647,-0.26725,A205 E\/B
288,A12 GGT E Appr 4063A,true,51.5765,0.03117,Home
289,Upper Richmond Rd/Putney Hill,true,51.4606,-0.21706,North (Putney High Street twds Putney Bridge)
290,A40 Horn Ln/Gypsy Crn,true,51.522,-0.26373,A40 N\/B
291,Harrow Rd/Kilburn Lane,true,51.5279,-0.2158,Harrow Rd S\/B
292,Scrubs Lane/Harrow Rd,true,51.532,-0.23728,Scrubbs Ln
293,A23 Streatham H Rd/Mnt Ephrian Rd,true,51.4363,-0.12771,A23 N\/B
294,Kensington Rd/Exhibition Rd,true,51.5017,-0.17483,WEST-Kensington Gore
295,Camberwell Ch St/Vicarage Grve,true,51.4734,-0.08757,West - A202 Camberwell Ch St
296,Pier Road/Woolwich Ferry,true,51.4989,0.06368,Woolwich Ferry north terminal
297,Battersea Bridge/Cheyne Wk,true,51.4821,-0.17321,Cheyne Walk W\/B
298,Warwick Rd/W Cromwell Rd,true,51.4927,-0.20044,IRID - A4 - West
299,Vauxhall Cross,false,51.4864,-0.12372,N\/WEST-Vauxhall Bridge
300,East India Dock Rd/Leamouth Rd,true,51.5128,-0.00081,East - A13 twds Canning Town
301,East India Dock Rd/Upper Nth St,true,51.5109,-0.02134,East India Dock Rd - West
302,A23 Brixton Hill/Effra Rd,true,51.4606,-0.11628,North (twds Oval)
303,Clapham Common Southside,true,51.4541,-0.14608,West - The Avenue
304,Camberwell New Rd/Brixton Rd,true,51.4812,-0.11065,WEST - CNR twds Oval
305,Bruce Grove,true,51.594,-0.06943,South - A10 twds Seven Sisters
306,A205 Upper Rmond Rd/Vine Rd,true,51.4651,-0.24949,EAST - Upper Richmond Rd
307,A205 Waldram Pk Rd/Westbourne Dr,true,51.4401,-0.05056,WEST-A205 Waldram Pk Rd
308,Kennington Lane/Newington Butts,true,51.4914,-0.10283,A3 and A3204 combined
309,A5 Edgware Rd/Cuthbert St,true,51.5231,-0.17438,Edgware Rd S\/B
310,A3 Clapham Road/B221 Bedford Road,true,51.4655,-0.12967,North - Clapham Rd
311,Commercial St N of Pomell Way,true,51.5162,-0.0727,Commercial St S\/B
312,HIGH ROAD LEYTONSTONE/BUSH ROAD,true,51.571,0.01577,East (Green Man Rbt and A12 Tunnel East portal)
313,Ram St/Barchard St,true,51.4583,-0.19202,South (twds Garratt Lane)
314,A102 Woolwich Rd (S),true,51.4798,0.02157,North Facing (home)
315,Bromley Rd/Oakridge Ln,true,51.425,-0.00454,Bromley Rd N\/B
316,Shepherds Bush Rd/Westwick Gdns,true,51.5015,-0.22202,NORTH - Shepherds Bush Rd
317,Tooley St/Jamaica Rd,true,51.5005,-0.07445,EAST-Jamaica Rd
318,A10 Stamford Hill/Lampard Grove,false,51.5669,-0.07286,Stamford Hill - North
319,South Lambeth Rd/Miles St,true,51.4826,-0.12416,SOUTH - South Lambeth Road
320,A2 Eltham East W/B,true,51.4557,0.0572,Facing West
321,Peckham Hg St wof Clayton Rd,true,51.4739,-0.0665,West (Peckham High Street twds Camberwell)
322,Nine Elms Ln/Ponton Rd,true,51.4832,-0.13308,E\/B Nine Elms Lane - Water Works
323,Whitechapel High St/Mansell St,true,51.5144,-0.07411,Whitechapel High St - East
324,Park Lane South of Mount Street,true,51.5089,-0.15462,South (Park Lane twds Hyde Park Corner)
325,Fulham Palace Rd(Coroners Crt),true,51.4901,-0.22326,Fulham Palace Rd N\/Bd
326,Piccadilly/St James St,true,51.5078,-0.14052,East (twds Piccadilly Circus)
327,Gates Br/Waterworks E,true,51.5964,0.0227,home
328,Prince Regents Lane W,true,51.5169,0.02795,West Facing
329,A2 Blackheath Hill/Plumbridge St,true,51.4728,-0.01474,East (A2 twds Blackheath)
330,A1 Barnet Wy/Barnet Ln,true,51.6433,-0.25442,NORTH - A1 twds M25
331,Farnborough Common/Croydon Rd,true,51.3662,0.05311,North (A21 twds Bromley and A232 twds Keston Mark)
332,A21 North of Davenport Rd,true,51.4498,-0.01692,A21 N\/B Towards Lewisham
333,A102 Woolwich Rd (N),true,51.4886,0.01447,South East Facing
334,A1 Barnet Wy/A41 Edgware Wy,true,51.6218,-0.25478,A1 North
335,Watford Way/Mill Hill Circus,true,51.6154,-0.24215,North - Mill Hill Circus
336,Tooting Bec Rd / A24,true,51.4355,-0.15937,West - A24 jct Tooting Bec Road
337,Seven Sisters Rd/Woodberry Grove,true,51.5724,-0.09078,Seven Sisters Rd - S\/ West
338,A12 Madeira Rd 3815A,true,51.5648,0.0052,South Facing
339,Romford Rd / Vicarage Lane,true,51.5427,0.00926,Romford Rd
340,Stockwell Rd/Chantrey Rd,true,51.4658,-0.11663,Stockwell Rd
341,Chelsea Embankment/Albert Brdg,true,51.4837,-0.16732,South (Albert Bridge)
342,Wilton Road / Bridge Place,true,51.4944,-0.14217,NORTH-Wilton Rd
343,ROMFORD ROAD,true,51.5623,0.05681,North Facing
344,A12 Eastern Ave/Heath Drive,true,51.5955,0.19637,West A12 Twds Romford
345,Beverley Way/Coombe Lane Flyover,true,51.416,-0.25097,A3 South (twds New Malden)
346,Catford Hill/Dogget Rd,true,51.4446,-0.02393,WEST-A205 Catford Rd
347,Battersea Pk Rd/Albert Bridge,true,51.4728,-0.16235,Battersea Pk Rd W\/B
348,Fore St East Ramp,true,51.6143,-0.06135,West Facing
349,H.Stead Rd/Drummond St,true,51.5267,-0.13851,H.Stead Rd S\/B
350,Mile End Rd/Cleveland Way,true,51.5205,-0.05217,WEST - Mile End Rd
351,Pear Island OHV,false,51.4959,0.00319,Home
352,Wandworth Bridge/York Rd,true,51.4629,-0.18604,Wandsworth Bridge
353,A3 Kingston Bp/Burlington Rd,true,51.3996,-0.24355,A3 Viewing North\/East
354,Pentonville Road / Penton Rise,true,51.5314,-0.11401,Pentonville Rd - West
355,Kensington High St/Church St,true,51.502,-0.19082,West - Kensington High St
356,Sthampton Row/Vernon Plc,true,51.5191,-0.12116,Facing north - Southampton Row
357,A12 Eastern Avenue/A125 North St,true,51.5865,0.17314,A12 S\/B
358,Shooters Hill Rd/Charlton Way,false,51.4719,0.00024,East (A2 twds Shooters Hill)
359,Camden High St/Kentish Town Rd,true,51.5391,-0.14265,South - Camden High St
360,Exhibition Rd/Cromwell Rd,true,51.4957,-0.17359,A4 West
361,Tooting High St/Selkirk Rd,true,51.4291,-0.16703,defaultPresetName
362,A20 Lewisham Way/Parkfield Rd,true,51.4745,-0.03458,West (A2 \/ A20 merge)
363,A406 WATERWORKS RDB,true,51.5952,0.01072,A406 Eastbound
364,Montfichet Rd/Hitchcock Lane/Car Park C,true,51.5446,-0.00354,Montfitchet Rd -West
365,Pettman Crescent/Western Way,true,51.4926,0.08607,South (twds Plumstead)
366,Lordship Ln/Dulwich Cmn,true,51.4434,-0.06749,West - A205 twds Tulse Hill
367,City Road w of Bath St,true,51.5282,-0.09177,City Road (S\/B)
368,Twr Brdge Rd/Grange Rd,true,51.4968,-0.08187,NORTH-A100 Tower Bridge Rd
369,Hackney Rd/Camb Heath Rd,true,51.5326,-0.05702,Hackney Rd
370,Bowes Rd/Brownlow Rd,true,51.6127,-0.12115,EAST-A406 Bowes Rd twds Clockhouse Jnc
371,Hammersmith Bway/Shepherds Bush Rd,true,51.493,-0.22387,Facing west - King Street
372,A23 Brixton Rd/Hillyard St,true,51.4741,-0.11272,South - A23 Brixton Rd
373,A3 East Of Garratt Lane,true,51.4567,-0.19224,Wandsworth High St - East
374,A504 Est End Rd/A406 Nth Circ Rd,true,51.5939,-0.18521,Zoom west twds Beechwood Avenue
375,Swiss Cottage/Finchley Rd,true,51.544,-0.17502,South - Finchley Rd
376,Baylis Rd/Westminster Bridge Rd,true,51.4987,-0.11242,WEST-Westminster Bdge Rd
377,Mile End Rd/Harford St,true,51.5229,-0.04004,MILE END RD - EAST
378,A1/A504 Finchley Lane,true,51.591,-0.21176,A1 N\/B
379,A10 South of St Peters Way,true,51.5405,-0.07668,A10 Sth of St Peters Way N\/B
380,A23 Brixton Rd/Wynne Rd,true,51.4692,-0.1125,A 23 Brixton Rd N\/B
381,Target Roundabout/Church St,true,51.5425,-0.37841,Church Street - South
382,Graham Rd/Dalston Lane,true,51.5462,-0.06941,Facing west - Graham Rd jct Dalston Lane
383,A23/Stafford Road,true,51.3648,-0.11848,South - A23 towards Purley
384,Wennington Viaduct W,true,51.5033,0.21103,South East Facing
385,A127/Squirrels Heath Drive,true,51.5869,0.22454,East (A127 twds M25)
386,Trinity Rd/Bellevue Rd,true,51.4441,-0.16815,South - Trinity Rd twds Tooting
387,Jamaica Rd E of Abbey St,true,51.4985,-0.06964,WEST-Jamaica Rd
388,Movers Lane West,true,51.5292,0.08953,HOME
389,A2 Eltham East E/B,true,51.4562,0.05905,West Facing
390,Christchurch Rd/Streatham Hill,true,51.4451,-0.1242,SOUTH-Streatham Hill
391,A2 New Cross Rd/Nettleton Rd,true,51.4744,-0.04328,WEST-A2 New Cross Rd
392,A3 Clapham Rd/A203 Sth Lambeth Rd,true,51.4719,-0.12318,North - Stockwell Jct
393,East Hill/East Of Fairfield St,true,51.4568,-0.18923,East Hill\/East of fairfield St SB
394,A40(M) Eastern End,true,51.5205,-0.17901,West - A40 Westway
395,Kingston-Tolworth Roundabout,true,51.3794,-0.28063,A3 Kingston Bypass - North\/East
396,Mortimer St/Gt Portland St,true,51.5176,-0.14152,North - Great Portland Street
397,A12 Temple Mls 3672B,true,51.5549,-0.00785,North Facing
398,Millennium Wy/Edmund Halley Wy,true,51.4978,0.00289,Edmund Halley way (towards LU and Cinema car parks)
399,A3 Clapham Rd/Caldwell St,true,51.4777,-0.11667,South - Clapham Rd
400,A10 Kingsland Rd/Stamford St,true,51.5444,-0.07616,SOUTH-A10 Kingsland Rd
401,Park Lane Opposite Stanhope Gate,true,51.5066,-0.15277,North (twds Marble Arch)
402,Old Kent Rd/Hendre Rd,true,51.4913,-0.08168,SOUTH-A2 Old Kent Rd
403,High St/Sherwood Way W Wickham,false,51.3762,-0.01769,East - A232 twds The Swan Junction
404,A200 Jamaica Road,true,51.4991,-0.0561,Home
405,Holland Park Roundabout,true,51.5041,-0.21833,South - Holland Road
406,Sevn Sistrs Rd/Blackstock Rd,true,51.5646,-0.10464,A503 Seven Sis. Rd S\/B
407,Bath Rd/Berkeley Avenue,false,51.4793,-0.40988,A4 Bath Road Jnc with The Avenue
408,A217 / Rose Hill R.bout,true,51.3847,-0.18932,Rose Hill R\/Bout
409,A21 Bromley Rd/Penerley Rd,true,51.4409,-0.02073,North (A21 twds Catford Gyratory)
410,Edgware Rd S of Upper Berkeley St,false,51.5148,-0.16237,1(A5 Edgeware Rd N\/B)
411,A12 Carradale House,true,51.5148,-0.00869,North Facing
412,Romford Rd/ Rabbits Rd,true,51.5528,0.05376,Romford Rd W\/B @ Rabbits Rd
413,A406/Golders Grn Rd,true,51.5808,-0.21202,IRID - East - A406 twds Finchley
414,A2 New Cross Rd/Florence Rd,true,51.4754,-0.02898,WEST-A2 New Cross Rd
415,High Street/Rick Roberts Way,false,51.535,-0.0056,West (twds Bow Flyover)
416,A1 Archway Rd/Bakers Ln,true,51.5818,-0.15645,Archway Rd S\/B
417,Whitechapel Rd/White Church Ln,true,51.5163,-0.06894,WEST-Whitechapel High St
418,Piccadilly/Whitehorse St,true,51.5054,-0.14559,A4 S\/B
419,A406/Great North Way,true,51.5886,-0.20659,West - A406 twds Brent Cross
420,A10 High Rd/Forster Rd,true,51.5919,-0.07001,South - A10 twds Seven Sisters
421,A2 New Cross Rd/Billington Rd,true,51.4757,-0.04707,SOUTH-A2 New Cross Rd
422,Seven Sis Rd/Moreton Rd,true,51.578,-0.08271,defaultPresetName
423,Old Brompton Rd/Finboro Rd,true,51.4886,-0.19275,East - Old Brompton Rd
424,A40 Marbone Rd/Old Marbone Rd,true,51.5207,-0.16483,East (A501 twds Euston)
425,Lee High Rd/Old Rd,false,51.4586,0.00287,East (twds Lee Green)
426,Holloway Rd/Highbury Corner,true,51.5465,-0.1039,Highbury Corner
427,Seven Sisters Rd/Manor House,true,51.5706,-0.09615,Seven Sisters Rd - West
428,A10 / Downham Road,true,51.5391,-0.07662,A10 Downham Rd S\/B
429,Scrubs Lane/North Pole Rd,true,51.5189,-0.22793,South (A219 twds Shepherds Bush)
430,Marsh Way,true,51.5205,0.16846,East Facing
431,ASPEN WAY - BLACKWALL WAY,true,51.5084,-0.00388,W\/B
432,A3 Clapham Rd/Handforth Street,true,51.4798,-0.11451,NORTH - Clapham Rd
433,A406 Brentfield Rd,true,51.5519,-0.26117,Home
434,Curtain Rd / Old Street,true,51.527,-0.08051,Old St S\/B
435,A406 Staples Corner Approach,true,51.5701,-0.2373,East Facing
436,Harleyford St/Ken Pk Rd,false,51.4823,-0.11264,Camberwell New Rd
437,Old Street/Gt Eastern St,true,51.5265,-0.08414,WEST - Old Street
438,A12 Dyers Hl W 3793A,true,51.5632,0.00348,Home
439,A2 New Cross Rd/Lewisham Way,true,51.4757,-0.03625,West (twds Peckham)
440,THE PARKWAY / UXBRIDGE ROAD,true,51.5168,-0.40116,IRID - North - A312 twds Willow Tree Rbt
441,Caledonian R/Copnhagen S,true,51.5369,-0.11649,NORTH - Caledonian Rd twds Holloway
442,Gnor Gdns/Buckingham Palace Rd,true,51.497,-0.14555,TEMP HOME - GAS WORKS
443,Tooley St/Abbots Lane,true,51.5039,-0.08136,Tooley St towards London Br
444,Heath Rd/King St Parade,true,51.4456,-0.33001,WEST - A305 Heath Rd
445,A21 Rushey Grn/Ringstead Rd,false,51.4469,-0.01896,South (twds Catford Gyratory)
446,A102 Tunnel House S,true,51.4965,0.00205,South Facing
447,Shoreditch High St/Commercial St,true,51.5228,-0.07762,NORTH - Shoreditch High St
448,University St/Gower St,true,51.5239,-0.1341,South (Gower Street twds Shaftesbury Avenue)
449,The Vale / Eastman Rd,true,51.5064,-0.26051,West - towards Acton
450,Woodford Ave / Clayhall Ave,true,51.5901,0.04919,North - Southend Road twds M11
451,East Hill/Geraldinie Rd,false,51.4575,-0.18575,IRID - West - East Hill
452,A205 Dulwich Common/College Rd,true,51.4417,-0.08474,West (A205 twds Streatham)
453,Woolwich Rd/Charlton Church Lane,false,51.4878,0.0311,East (twds Woolwich)
454,Archway Rd/Gladsmuir Rd,true,51.5686,-0.13639,Facing north Archway Rd twds Highgate
455,Wood Lane/South Africa Road,true,51.5129,-0.22523,A219 S\/B
456,Shepherd Bush Rd/Brook Green,true,51.4975,-0.22253,South (twds Hammersmith)
457,Euston Rd/Grays Inn Rd,true,51.5308,-0.12265,WEST - A501 Euston Rd
458,A20 Lee High Rd/Belmont Park,true,51.4598,-0.00401,East (A20 twds Lee Green)
459,A501 E of Gloucester Pl,true,51.5217,-0.15924,EAST - A501
460,Watling St/Gravel Hill,true,51.4551,0.153,South (Gravel Hill twds A2 Black Prince Interchange)
461,Prince Regents Lane Jn,true,51.5175,0.03219,Facing West
462,Beckton East,true,51.5271,0.07776,West Facing
463,Finchley Road/Canfield Place,true,51.5455,-0.17752,SOUTH - Finchley Rd twds Swiss Cottage
464,A10 North of Shenfield St,true,51.5312,-0.07699,A10 S\/B
465,Euston Rd/Tottenham Court Rd,true,51.5249,-0.13841,Euston Underpass - East
466,A10 Broad Lane/Talbot Rd,true,51.5843,-0.06899,A10 Broad Lane jw Talbot Rd (towards Seven Sisters)
467,A10 Grt Cambridge Rd/Devonshire H Ln,true,51.6067,-0.08556,A10 N\/B
468,Airport Way/Stanwellmore Rd,true,51.463,-0.49324,W\/B A3113 Airport Way
469,A13 Burdett Rd,true,51.5119,-0.02849,East Facing
470,A406/A118 Mill House,true,51.5571,0.06588,South Facing
471,Lambeth Plc Rd/Royal St,true,51.4985,-0.11747,Lambeth Palace Rd N\/B
472,A5 Edgware Rd/Broadley St,true,51.5213,-0.17168,Edgeware Rd - South
473,A406/A10 U/Pass East,true,51.6159,-0.08272,East Facing
474,Pooles Lane West,true,51.5312,0.13762,West Facing
475,Leman St / Prescot St,true,51.512,-0.06927,SOUTH-Leman St
476,Woolwich Rd/Warspite Rd,true,51.4925,0.0454,West (twds Charlton)
477,Brighton Rd A23 Coulsdon Bypass,true,51.3169,-0.13864,North (A23 twds Purley)
478,Waterworks W/B Off-Slip,true,51.595,0.01478,West facing
479,Fulham Palace Rd/Lillie Rd,true,51.4837,-0.21956,North (A219 twds Hammersmith)
480,Westfield Ave/International Way/Car Park A,true,51.5435,-0.01109,Westfield Ave - North West
481,A23 Streatham H Rd/Heathdene Rd,true,51.4163,-0.12528,A23 S\/B
482,A205 Woolwich Common Rd/Ngale pl,true,51.4823,0.06202,North (A205 twds Woolwich Ferry)
483,Stockwell Rd/Stockwell Ln,true,51.4697,-0.12007,Stockwell Rd
484,Battersea Rise/Bolingbrooke Gr,true,51.4598,-0.17159,West - A3 towards Wandsworth
485,London Rd/Wharfedale Gardens,true,51.4014,-0.11851,South (A23 twds Croydon)
486,Parkhurst Rd by Holloway Rd,true,51.5575,-0.12007,E\/B A503 twrds Nags Head Jct
487,A4 Great West Rd/A3063 Sutton Ln,true,51.4781,-0.37244,A4 facing east towards Heathrow
488,A10 South of Laburnum St,true,51.5349,-0.07688,Kingsland Rd S\/B
489,Warwick Rd/Earls Crt Station,true,51.4904,-0.19621,SOUTH-A3220 Warwick Rd
490,A12 Eastern Av/Whalebone Ln,true,51.5812,0.14109,East - A12 twds Romford
491,Tweedy Rd E of Sherman Rd,true,51.4079,0.01713,South (A21 twds Bromley South)
492,Marylebone Rd/Great Portland Street,true,51.5239,-0.1445,East - Marylebone Rd
493,Commercial Rd/Jubilee St,true,51.514,-0.05251,WEST-A13 Commercial Rd
494,A107 Upper Clapton Rd/Southwold Rd,true,51.5619,-0.05748,SOUTH - A107 Upper Clapton Road
495,Old Kent Rd/Peckham Pk R,true,51.483,-0.06423,S\/EAST-A2 Old Kent Rd
496,Upper Richmond Rd/Oxford Rd,true,51.4599,-0.21293,EAST-A205 Upper Richmond Rd
497,A12 Eastern Ave/Mawney Road,true,51.5814,0.16445,A12 East
498,A4 Great West Rd/Sutton Crt Rd,true,51.4875,-0.26709,IRID - West twds M4 J1
499,Wood Lane/A40 Westway,true,51.5149,-0.2263,Wood Lane - North
500,Camberwell Rd/Albany Rd,true,51.4824,-0.0946,Facing north - Walworth Road
501,Upper Woburn Place - Woburn Walk,true,51.5264,-0.12967,North - towards Euston
502,Eastern Ave / Gallows Corner,false,51.5934,0.21576,West - twds Gallows Corner
503,Tottenham High Road / Seven Sisters Rd,true,51.5831,-0.07226,Seven Sister Rd
504,Grosvenor Pl/Hyde Pk Cnr,true,51.5018,-0.15163,EAST-Duke Of Wellington Place
505,High Rd Wood Grn-Ewart Grove,true,51.5997,-0.11118,High Rd (Wood Green) - South
506,Silvertown Way,true,51.5153,0.00814,WEST
507,Burdett Rd/Hamlets Way,true,51.523,-0.03434,Burdett Rd - North
508,Hanger Lane/Uxbridge Rd,true,51.5117,-0.29219,South - A406 \/ A4020 junction
509,Kensington Hi St/Warwick Rd,true,51.4967,-0.20537,EAST - KHS twds Hyde Park
510,A205 W of Brockley Rise,true,51.4423,-0.04327,A205 East
511,A406 Staples Corner,true,51.5713,-0.23189,North East Facing
512,Upper Clapton Rd/Rossington St,true,51.564,-0.05929,A107 Upper Clapton Rd jw Rossington St EB
513,ASPEN WAY - UPPER BANK STREET,true,51.5071,-0.0162,W\/Bnd
514,A12 Eastern Av/Barley Lane,true,51.5823,0.11658,East (A12 twds Romford)
515,Herne Hill/Norwood Rd,true,51.4522,-0.10134,West (A2214 Dulwich Rd twds Brixton)
516,Haymarket/Pall Mall,true,51.5078,-0.13134,Haymarket
517,A12 Blackwall Tunnel Nthern App/Gillender St,true,51.5212,-0.01031,North Facing
518,Commercial St/Brushfield,true,51.5192,-0.07464,Commercial St S\/B @ Brushfield
519,A10 North of Northwold Rd,true,51.5636,-0.07325,South - Stoke Newington High St
520,High Rd/Ruckholt Rd,true,51.5584,-0.00707,South (A112 twds Stratford)
521,Bruce Grove/Woodside Gardens,true,51.5952,-0.071,Bruce Grove - North
522,A2 Danson,true,51.4491,0.11974,East Facing
523,Rosebery Av/Mount Pleasant,true,51.5246,-0.111,Rosebey Ave jw Mount Pleasant
524,A23 Streatham H Rd/Stanthorp Rd,true,51.427,-0.13128,North (A23 twds Brixton)
525,Camden High St/Mary Tce,true,51.5367,-0.14074,Camden H St S\/B
526,A3 Tibett Crn/Withycombe Rd,true,51.4486,-0.22172,A23 North\/East
527,Kenworthy Rd/Brookfield Rd/Wick Rd,true,51.5452,-0.03557,B113 Wick Rd E\/B
528,Limehouse Tnl East Portal E/B,true,51.5085,-0.0223,Home
529,Camden Rd/Hillmarton Rd,true,51.5533,-0.12327,Camden Rd - N\/East
530,A12 Eastern Ave/Gants Hill R-About,true,51.5763,0.06674,EAST - Eastern Ave
531,Brixton Rd/Island Place,true,51.4783,-0.11223,NORTH-Brixton Rd
532,A30 Hatton Cross,true,51.4666,-0.42189,A30 - S\/West
533,Finchley Rd/Goldhurst Terrace,true,51.5463,-0.1792,Finchley Rd S\/B @ Goldhurst Terrace
534,A4 Bath Rd/Henlys Rabout,true,51.4751,-0.39441,A4 Great West Rd (twds Osterley)
535,A21 Bromley Rd/Beckenham Hl Rd,true,51.427,-0.01055,North - A21 towards Catford
536,A12 East Cross Route/Benn St,true,51.5458,-0.03353,A12 East Cross Route\/Benn St
537,Kew Rd/Twickemham Rd,true,51.4647,-0.30039,Kew Rd - S\/West
538,A406 North Circular Rd/Telford Rd/Bounds Green Rd,true,51.6112,-0.13544,A406 West
539,Albert Emb/Tinworth St,true,51.4902,-0.12259,IRID - North - A3036 Albert Emb twds Lambeth Bridge
540,Lower Rd/Rotherhithe Old Rd,true,51.4937,-0.04832,South East - A200 Lower Rd (twds Deptford)
541,Battersea Brdg Rd/Ethelburga St,true,51.4768,-0.1684,Battersea Bridge Rd (Southbound)
542,Harrow Rd/Lord Hills Bridge,true,51.5196,-0.18874,West - Harrow Road
543,Sheen Lane/Larches Av,true,51.4644,-0.26661,Sheen Lane
544,A10/Carterhatch Lane,true,51.6592,-0.05914,NORTH-A10 twds M25
545,Finchley Road/Hendon Way,true,51.5593,-0.19686,Hendon Way
546,A23 Streatham H Rd/Hopton Rd,true,51.4257,-0.13105,South (A23 twds Norbury)
547,Old Kent Rd/Humphrey St,true,51.4883,-0.07645,NORTH - Old Kent Rd
548,A2 New Cross Rd/St James,true,51.475,-0.03958,EAST-A2 New Cross Rd
549,A406 Fulbourne Road,true,51.6004,-0.00925,West Facing
550,Kennington Pk Rd/Kennington Rd,false,51.485,-0.1092,N\/East - Kennington Park Rd
551,Peckham Rd/Kelly Ave/Lyndhrst Wy,true,51.474,-0.07443,East (twds Peckham High St)
552,Gt Eastern St/Curtain Rd,true,51.5244,-0.08028,Great Eastern St (S\/B)
553,A312 south of Rosslyn Av,true,51.4562,-0.40935,A312 N\/B
554,Lower Clapton Rd/Rowhill Rd,true,51.5541,-0.05403,A107 N\/B
555,The Highway/Wapping Lane,true,51.5097,-0.05876,IRID The Highway - East
556,Holloway Rd S of Hornsey Rd,true,51.5524,-0.1119,Holloway Road N\/B
557,Kew Rd/Mortlake Rd,true,51.4828,-0.28694,North - A205 Kew Road
558,Parliament Square,true,51.5011,-0.12628,Home - St Margaret St
559,Fulham Palace Rd/Lysia St,true,51.4818,-0.21805,defaultPresetName
560,Lewisham High St/Rennell St,true,51.4638,-0.01076,West - Rennell Street twds Molesworth Street
561,Baker St/ Marylebone Rd,true,51.522,-0.1576,South - Baker Street
562,A12 Bromley-by-Bow,true,51.5256,-0.01169,Home
563,Whitechapel Rd / Plumbers Row,true,51.5173,-0.06668,EAST-A11 Whitechapel Rd
564,New Kent Rd / Balfour St,true,51.4941,-0.09159,EAST-twds Bricklayers Arms Flyover
565,Seven Sisters Rd by Fonthill Rd,true,51.5631,-0.10827,Seven Sisters Rd by Fonthill Rd
566,HOLLYBUSH HILL GMAN RBOUT,true,51.573,0.01641,A12 Green Man Rbt west side
567,Burdett Rd/Dod St,true,51.5135,-0.02767,SOUTH - A1205 Burdett Rd towards A13
568,Camberwell N/Rd/Camberwell Pas,true,51.4749,-0.09507,East (twds Camberwell Green)
569,Stamford St/Broadwall,true,51.5069,-0.10845,West (twds IMAX Rbt)
570,London Rd/Thomas Doyle St,true,51.498,-0.10376,NORTH-London Rd
571,Charing Cross Rd / Cambridge Circus,true,51.5131,-0.12914,NORTH-Cambridge Circus
572,A40 Western Ave/Gibbon Rd,true,51.5149,-0.25655,West - A40 twds Park Royal
573,Harrow Rd/Grt Western Rd,true,51.5243,-0.20166,West (A404 twds Kensal Green)
574,Tottenham Court Rd/Grafton Way,true,51.5238,-0.13724,NORTH-twds Hampstead Road
575,Tower Bridge App./East Smithfield,true,51.509,-0.07368,WEST-twds Minories Junction
576,Kentish Way N of Masons Hill,true,51.3989,0.02036,North (A21 twds Bromley North)
577,Staples Corner - Rbt Southside,false,51.5718,-0.22795,West Facing
578,A3205 BATTERSEA PK RD - SAVONA ST,true,51.4793,-0.14235,EAST (A3205 twds Vauxhall Cross)
579,Brompton Rd,true,51.5008,-0.16227,A4 Brompton Rd - RNC Preset
580,Wellington Rd/St Johns Wd Rd,false,51.53,-0.16889,Park Rd Roundbout E\/B
581,A3220 West Cross Route,true,51.5115,-0.21993,SOUTH - West Cross Route
582,Brixton Hill /Lambert Rd,true,51.4553,-0.1194,NORTH-A23 Brixton Hill
583,Balham High Rd/Caistor Rd,false,51.4468,-0.14943,SOUTH-A24 Balham High Rd
584,A102 Tunnel House N,true,51.4969,0.00193,North Facing
585,Earls Crt Rd/Earls Crt Station,true,51.4921,-0.19266,Earls Ct Rd - North
586,Elephant & Castle/New Kent Rd,true,51.495,-0.1003,WEST-St Georges Rd
587,Purley Way/Waddon Road,true,51.3708,-0.11724,North (A23 twds Ikea)
588,St Giles Circus,true,51.5164,-0.13022,WEST - Oxford St
589,A4200 Woburn Pl/Russell Sq,true,51.5229,-0.12584,South - Russell Square
590,Baker St/Marylebone Rd,true,51.5222,-0.15768,EAST-A501 Marylebone Rd
591,Tooley St/Boss St,true,51.502,-0.07681,WEST-Tooley Street
592,Westminster Bridge/York Rd,true,51.5009,-0.11762,West (twds Parliament Square)
593,Edgware Rd/Seymour St,false,51.5141,-0.16133,A5 Edgeware Rd S\/B
594,Deptford Broadway/Deptford Ch St,true,51.4747,-0.02422,EAST - A2 Deptford Bridge
595,Woolwich Rd/A102 Flyover,true,51.4863,0.01695,East (Roundabout underneath flyover)
596,A205/Verdant Lane,true,51.4452,0.00467,East (A205 twds Eltham)
597,A23/Old Lodge Lane,true,51.3318,-0.12475,SOUTH-A23 Brighton Rd
598,Hobart Place/Grosvenor Place,true,51.4982,-0.14695,IRID - North - Grosvenor Place
599,Wworth High St/Wworth Plain,true,51.4573,-0.19502,A3 twds Battersea
600,Regent St/Conduit St,false,51.5132,-0.14091,SOUTH - Regent Street
601,A41 Finchley Rd/Boundary Rd W,true,51.5397,-0.17592,NORTH-Finchley Rd
602,City Road / Epworth St,true,51.5236,-0.0873,City Road (S\/B)
603,Gunnersbury Ave/Gunnersbury Drive,true,51.5033,-0.28891,Gunnersbury Ave N\/B
604,A406 Hale End Rd E,true,51.5999,-0.00026,West Facing
605,Rushy Green/Rosenthal Rd,true,51.4488,-0.01722,South (A21 twds Catford Gyratory)
606,Fulham BWay Wst of Harwood Rd,true,51.4802,-0.19601,East (Fulham Broadway twds Stamford Bridge)
607,Peckham High St/Rye Lane,true,51.4733,-0.0701,East (Peckham High St twds New Cross)
608,A406 Hale End Rd W,true,51.6005,-0.00395,Home
609,Finchley Road / West End Lane,false,51.5528,-0.18881,SOUTH-A41 Finchley Rd
610,High St/Station way/The Cheam,true,51.3577,-0.21576,West (Ewell Road twds Ewell)
611,Denmark Hill/Love Walk,true,51.4712,-0.09306,North (twds Camberwell Green)
612,Fulham Rd/Redcliffe Gardens,true,51.4842,-0.18431,A308 Fulham Rd (twds Stamford Bridge)
613,A12 GMT E Appr 3969L,true,51.5719,0.0199,home
614,A312 Parkway/M4 J3,true,51.4929,-0.4103,NORTH - A312 The Parkway
615,Ealing Rd/Bridgewater Rd,true,51.5396,-0.3004,Bridgewater Rd N\/B
616,Chalkers Corner,true,51.469,-0.27703,North\/East - A316 Clifford Ave
617,Lewisham High St/Courthill Rd,true,51.4574,-0.01332,North (A21 twds Lewisham)
618,A4 Chiswick Roundabout,true,51.4912,-0.2829,Chiswick High Rd - West
619,A40 / Near Connell Crescent,false,51.5287,-0.28747,IRID - West - A40 Hanger lane Tunnel
620,A12 Cathall Rd 3775A,true,51.5619,0.00185,North Facing (Home)
621,A12/Preston Drive,true,51.5774,0.03599,East Facing
622,Edgware Rd/Harrow Rd,true,51.5198,-0.16961,Facing west - A40 twds Paddington
623,Kennington Ln/Vauxhall St,true,51.4868,-0.11677,EAST-Kennington Ln Jnc. Vauxhall St
624,Archway Gyr/Holloway Rd/Jnc Rd,true,51.5656,-0.1345,South East - Holloway Rd
625,Buck Palace Rd/Eccleston Bridge,true,51.4941,-0.14655,NORTH-Buckingham Palace Rd
626,Shepherd Bush Gr/Wood Lane,true,51.5051,-0.22477,East - Uxbridge Rd twds Holland Pk Rbt
627,Upper Rmond Rd/Clifford Ave,true,51.4642,-0.27609,West - facing towards Richmond
628,Tooting High St/Garratt Terrace,true,51.4276,-0.16862,North - A24 Twds Clapham
629,A21 South of Ladywell Rd,true,51.4562,-0.01459,North - A21 twds Lewisham
630,Camden Rd/St Pancras Way,true,51.5427,-0.13744,Facing south towards Camden Town.
631,Piccadilly/Down St,true,51.5044,-0.1472,West - Picadilly Underpass
632,Shaftesbury Ave / Macclesfield St,true,51.5121,-0.13158,West - Shaftesbury Ave twds Piccadilly Circus
633,Blackfriars Rd/Pocock St,true,51.5018,-0.10451,IRID NORTH-Blackfriars Rd
634,A40 Westway/Paddington Grn,true,51.5202,-0.17351,West (A40 twds White City)
635,Kennington Lane/Kennington Rd,false,51.4884,-0.11116,Kennington Lane S\/B
636,Barking Rd / W of Bartle Ave,true,51.5325,0.05063,Barking Raod to East
637,A10 Stoke Newington Rd/Barretts Grove,true,51.5522,-0.07486,SOUTH - Stoke Newington Rd twds Shoreditch
638,A40/Hanger Lane Tunnel,true,51.5302,-0.29492,A40 Hanger Lane Tunnel west portal
639,Clockhouse Lane/Staines Rd,true,51.4486,-0.44746,Great Southwest Rd
640,Uxbridge Rd/Chapel Rd,true,51.5109,-0.31884,WEST - A4020 Uxbridge Rd jct Northfield Ave
641,A102 Bwall Tunnel Sth Appr,true,51.4857,0.01914,IRD - North (Twds Blackwall Tunnel)
642,Lwr Mortlake Rd/Manor Circus,true,51.4677,-0.28769,WEST-A316 Manor Circus Rbt
643,A20 Sidcup Bypass/Sevenoaks Way,true,51.4135,0.11223,East (A20 twds M25)
644,Harleyford Rd/Vauxhall Grove,true,51.4854,-0.12036,Harleyford Rd N\/W
645,Eltham Rd/Leyland Rd,true,51.4559,0.01302,IRID East (A20 twds Eltham)
646,Limehouse Tnl HH Westferry Rd Exit,false,51.5079,-0.02752,Portal
647,Stamford Hill/Egerton Rd,true,51.5743,-0.07221,North (A10 twds Tottenham)
648,A20 Sidcup Rd/County Gate,true,51.432,0.07636,WEST-A20 Sidcup Rd twds Eltham
649,A406 - Harrow Rd - Brentfield,false,51.5448,-0.27287,North East Facing
650,The Broadway/Windsor Rd,true,51.514,-0.30067,West - Ealing Broadway
651,Grays Inn Rd / Acton St,true,51.5282,-0.11917,NORTH - Grays Inn Rd
652,Balls Pond Rd/Henshall St,true,51.5465,-0.08591,Balls Pond Rd - West
653,EIDT East Portal Pole,true,51.5134,0.00141,North Facing
654,A21 North of Lewisham Pk,true,51.4528,-0.01641,North (A21 twds Lewisham)
655,Park Lane / Upper Grosvenor St,true,51.5101,-0.1572,North - towards Marble Arch
656,A2 Arbuthnot Lane,true,51.4482,0.13535,West Facing
657,Lewisham Way/Florence Road,true,51.4722,-0.03114,East (A20 twds Lewisham)
658,A23 Streatham H Rd/Mitcham Ln,true,51.4293,-0.13101,A23 Streatham High Road
659,Kew Bridge Northside,true,51.4891,-0.28766,South - Kew Bridge
660,A13 Branch Road,true,51.5128,-0.0388,Home
661,Park Rd / Gloucester Pl,true,51.5258,-0.16145,SOUTH-A41 Gloucester Place
662,Bethnal Gr Rd/Satchwell Rd,true,51.5259,-0.06906,East - Bethnal Green Road twds Bethnal Green
663,A10 North of Lee Street,true,51.5386,-0.07685,North - A10 twds Dalston
664,Rocks Lane,true,51.4653,-0.24389,Upper Richmond Rd - East
665,Notting Hill Gate/Palace Grdns Ter,true,51.5094,-0.19438,West (A402 twds Notting Hill Gate
666,A2 Black Prince,true,51.4482,0.15266,East Facing
667,John Wilson St/New Ferry Approach,true,51.4935,0.06171,Woolwich Ferry South Terminal entrance
668,Borough High St/Southwark St,true,51.5048,-0.09008,North twds London Bridge
669,High Rd/Ealing Road,true,51.5519,-0.299,High Rd E\/B
670,Woolwich Rd/Hatcliffe st,true,51.4862,0.00843,West (A206 twds Greenwich)
671,Camden Rd/Camden St/Lyme St,true,51.5406,-0.13953,Camden Rd S\/B @ Camden St
672,A40/Greenford Flyover,true,51.5359,-0.34627,West - A40 twds RAF Northolt
673,Goresbrook East,true,51.5243,0.15119,West Facing
674,A10 Grt Cambridge Rd/A110 S bury Rd,true,51.6496,-0.06039,IRID A10 North
675,Upper St by Essex Rd,true,51.5355,-0.10381,SOUTH-A1 Upper St twds Angel
676,Woolwich Manor Way,true,51.5205,0.05882,East Facing
677,A1 Watford Way/The Broadway,true,51.6169,-0.24511,North - A1 twds Apex Corner
678,Rainham Marshes,true,51.5102,0.19714,West Facing
679,Christchurch Rd/Colliers Wood,true,51.4173,-0.17788,Christchurch Rd S\/B
680,Westhorn Av E of Burnt Ash Hill,false,51.4463,0.01508,West (A205 twds Catford)
681,A13/A406 Beckton Rb,true,51.5258,0.07349,North Facing
682,A3 West Hill/Up Richmond Rd,false,51.4567,-0.2024,West - A3 \/ A205 merge
683,Uxbridge Rd/Askew Rd,true,51.5067,-0.24443,defaultPresetName
684,Eastbourne Te/Bishops Bridge Rd,true,51.5179,-0.18026,Bishops Bridge Rd (twds A40)
685,Commercial Rd/Albert Gardens,true,51.5133,-0.04692,West (A13 twds Aldgate)
686,Westminster Bridge / South,true,51.5012,-0.11583,WEST - Addington St
687,A23 Streatham H Rd/Greyhound Ln,true,51.422,-0.12926,Streatham H Rd S\/B
688,Holloway Rd Sth/Fieldway Cres,true,51.5492,-0.10762,Holloway Rd N\/Bd
689,Queens Rd/Pomeroy St/Lausanne Rd,true,51.4732,-0.05147,West (twds Peckham)
690,Goswell Rd Opp Owen St,true,51.5313,-0.10463,Goswell Rd N\/B @ Owen St
691,Great Chertsey Rd/Hartington Rd,true,51.4746,-0.26731,Chiswick Bridge
692,Twickenham Rd/Heathcote Rd,true,51.4583,-0.31699,0 (NORTH-Twickenham Br)
693,Wickham Rd/Monks Orchard Rd,true,51.3773,-0.02857,WEST-A232 Wickham Rd
694,West Parkside/John Harrison Wy,true,51.4949,0.01184,West - West Parkside (twds O2)
695,C/Browns E/B Off-Slip,true,51.5966,0.027,East Facing
696,A12 Kswood Rd 3893A,true,51.571,0.01022,North
697,Wennington Viaduct E,false,51.5005,0.22112,East Facing
698,A501 East of Melton St,true,51.5265,-0.13356,East (Euston Road twds Kings Cross)
699,Loampit Vale/Thurston Rd,true,51.4645,-0.01522,East (A20 twds Loampit Vale Roundabout)
700,Brompton Rd/Beaufort Grns,true,51.4983,-0.16584,East (twds Scotch Corner)
701,Battersea Pk Rd/Prince of Wales Dr,true,51.4779,-0.14518,West (twds Wandsworth)
702,A406 Holiday Inn,false,51.573,-0.22271,West Facing
703,The Broadway/St.Georges Av,true,51.5115,-0.37768,East - High Street
704,City Rd/Shepherdess Walk,true,51.5285,-0.09239,West (A501 twds Angel Islington)
705,A12 Lea Bridge 3582A,true,51.5516,-0.01853,Home (west)
706,Leamouth Road,true,51.5127,-0.00048,East Facing
707,A2 Westmount Road,true,51.4564,0.06041,Facing East
708,Kingsland Rd/Balls Pond Rd,true,51.5463,-0.07566,North - Kingsland High St
709,Albert Emb/Glasshouse Wk,true,51.4889,-0.12294,A3036 Albert Emb N\/B
710,A23 Brixton Rd/Ingleton St,true,51.4714,-0.11265,A23 Brixton Rd
711,Kingsway/High Holborn,true,51.5177,-0.12056,East - High Holborn
712,DURSLEY ROAD,true,51.4681,0.02913,London bound
713,Marcilly Rd/Elsynge Rd,true,51.4588,-0.17952,North (Marcilly Road)
714,Seven Sisters Rd/Barrow Way,true,51.5614,-0.11295,Seven Sisters Rd S\/B @ Thane Villas
715,East India Dock Rd/Chrisp St,true,51.5112,-0.01399,East India Dock Rd - West
716,A23/Purley Cross,true,51.3381,-0.11724,South - A23 Brighton Rd
717,Marble Arch,false,51.5133,-0.16018,EAST - Marble Arch
718,A41 Finchley Rd/Queen Grove,true,51.5369,-0.17615,A41 Finchely Rd S\/B
719,Brixton Hill/Morrish Rd,true,51.4462,-0.12421,South - Streatham Hill
720,Holloway Rd/Tufnell Pk Rd,true,51.5584,-0.12005,Holloway Rd - North
721,Holloway Rd Nth/Tollington Rd,true,51.5562,-0.11695,A1 Holloway Rd - North
722,Rotherhithe Tunnel Barrier N,true,51.5123,-0.03911,Barrier
723,Addiscombe Rd/Cherry Orchard Rd,false,51.3753,-0.09123,Cherry Orchard Rd
724,A3 Kingston Bypass/South Lane,true,51.3923,-0.26182,South (twds Tolworth)
725,Upper St/Theberton St,true,51.538,-0.10247,North - Upper Street
726,Prince Regents Lane E,true,51.518,0.03557,Facing East
727,A232 Grove Rd/Sutton Park Rd,true,51.36,-0.19394,A232 E\/B
728,Albert Emb/Lambeth Brdge,true,51.4937,-0.1214,NORTH-Lambeth Road Rbt
729,Grand Depot Rd/John Wilson St,true,51.4875,0.06352,South (twds Shooters Hill)
730,Aspen Way/Cotton Street,true,51.5072,-0.01003,West (Aspen Way twds Limehouse Link)
731,Kidbrooke Park Rd,true,51.4613,0.02625,SOUTH - Kidbrooke Park Rd twds A20
732,Pembroke Rd/Cromwell Crescent,true,51.4948,-0.19948,NORTH - Warwick Gardens Jct
733,Gtreat Cambridge Rd / Church St,true,51.6301,-0.0782,S\/WEST = Gt Cambridge Rd
734,Upper Richmond Rd/Ravenna Rd,true,51.4615,-0.22031,A205 E\/B
735,A406 Angel Road East,true,51.6114,-0.04729,West Facing
736,Mare St/Graham Rd,true,51.5466,-0.055,Facing south - Morning Lane Jct
737,A205 / Catford Hill,true,51.4432,-0.02857,West (A205 twds Forest Hill)
738,A4088 Forty Av/Bridge Rd,true,51.5655,-0.2773,Facing south towards Wembley Central
739,Clapton Common/Lewstone Place,true,51.5729,-0.07074,West (A107 twds Stamford Hill)
740,A40/Wales Farm Rd,true,51.5196,-0.26273,A40 East Bd
741,Finchley Rd/Langland Grdns,false,51.5514,-0.1848,Finchley Rd NB
742,A3 East Of West Hill,true,51.4571,-0.19741,A205 W\/B
743,Old Street e of Vince St,true,51.5262,-0.08563,Old St W\/B
744,Thurlow Park Road/Croxted Road,true,51.4412,-0.09268,Temp home - water leak ATS
745,A12 Langthorne 3713A,true,51.5579,-0.00433,North
746,A12 GMT W Appr 3921J,true,51.5728,0.0132,East Facing
747,A406/A1 Falloden Way,true,51.5896,-0.19648,A406 NCR - West
748,A40 Western Ave/Long Lane,true,51.5544,-0.44771,EAST-A40 Western Ave
749,Finchley Rd/Frognal Ct,true,51.5484,-0.18096,Finchley Road - South
750,A13 East India Dock/Cotton St,true,51.5115,-0.00971,West (A13 twds Limehouse)
751,St Georges Rd/Hayles St,true,51.4958,-0.10358,WEST-St Georges Rd
752,Gt Eastern St/Holywell Ln,true,51.5241,-0.07984,A1202 N\/B
753,A1/Holders Hill,true,51.5948,-0.21662,A1 N\/B
754,A102 Brunswick Rd,true,51.5133,-0.00809,North Facing
755,Nine Elms Ln/Wandsworth Rd,true,51.4848,-0.12858,Facing SW - Nine Elms Lane twds Battersea
756,Maida Vale/St Johns Wood Rd,true,51.5258,-0.1783,Maida Vale N\/B
757,Archway Rd / Causton Rd,true,51.5736,-0.14128,Archway Rd N\/B
758,A1 Archway Rd/Holmesdale Rd,true,51.5762,-0.14369,Archway Rd - N\/West
759,Cromwell Rd/Collingham Rd,true,51.4946,-0.18878,A4 facing west twds Earls Court
760,Oxford Circus,true,51.5154,-0.14204,South - Regent St twds Piccadilly Circus
761,Old Kent Rd/Preston Cls,true,51.4925,-0.08365,IRID NORTH-A2 Old Kent Rd
762,High St/Grosvenor Rd W Wickham,true,51.3769,-0.02043,High St W\/B
763,A406 Abbey Road Underpass,true,51.5395,-0.27802,South West Facing
764,C/Browns/M11 Split,true,51.5961,0.03004,East Facing
765,Commercial Rd/Belgrave St,true,51.513,-0.04164,Facing east - A13 twds Limehouse
766,Movers Lane East,true,51.5314,0.09954,East Facing
767,Clapham Common/Northside,true,51.4612,-0.16006,West - A3 twds Battersea Rise
768,Chiswick High Rd/Goldhawk Rd,true,51.4935,-0.24577,1 (Chiswick High Rd - West)
769,A23 Streatham H Rd/Colmer Rd,false,51.4145,-0.12426,South - A23 twds Norbury
770,Westminster Bridge Rd/Waterloo Rd,true,51.4986,-0.10545,West (Westminster Bridge Road)
771,Romford Rd / Sprowston Rd,true,51.5464,0.0238,Romford road
772,Barking Rd/Prince Regent Lane,true,51.5259,0.02915,East (Barking Rd twds Upton Park)
773,Beckton West,true,51.5224,0.06462,West Facing
774,A12 Wansbeck Road,true,51.5418,-0.02692,South Facing
775,Shooters Hill Rd/Charlton Pk Ln,false,51.4743,0.03774,West (twds Blackheath)
776,A20 Lee High Rd/Lampmead Rd,true,51.4571,0.00907,N\/B A20 Lee High Rd
777,Holland Rd/Addison Crescent,true,51.4998,-0.21009,Holland Rd S\/B
778,New Kings Rd/Wanworth Brg Rd,true,51.4765,-0.19286,EAST-New Kings Rd
779,Upper St/St Albans Place,true,51.5364,-0.10364,North - Upper St
780,A102 Blackwall Lane,true,51.4939,0.00646,South Facing
781,Tower Bridge Rd/Rothsay St,true,51.4961,-0.08297,South - Tower Bridge Road twds Bricklayers Arms Rbt.
782,Upper St by Canonbury Lane,true,51.5435,-0.10316,A1 Upper St - North
783,Tweedy Rd N of Widmore Rd,true,51.4066,0.01867,South (A21 twds Bromley South)
784,Trinity Road - Dorlcote Road,true,51.4503,-0.17405,Trinity Rd N\/B
785,Evelyn Street / Bestwood St,true,51.49,-0.04228,Evelyn Street (twds Deptford)
786,A205 Poynders Rd/Kings Ave,true,51.4479,-0.13252,Poynders Road North
787,A406/A124 Barking,true,51.538,0.06771,North Facing
788,Blackfriars Rd/Dolben St,true,51.5049,-0.10466,SOUTH-Blackfriars Road
789,A12 Church Ln 3839A,true,51.5667,0.00641,Home
790,South Lambeth Rd/Parry St,true,51.4843,-0.12288,lambeth Rd N\/B
791,Queens Road/Kings Grove,false,51.4736,-0.0592,East (A202 twds New Cross)
792,A23/Commerce Way,true,51.3743,-0.11875,Purley Way - North
793,Battersea Rise/Lavender Sweep,true,51.4609,-0.16331,WEST-Battersea Rise
794,Kland Rd/Balls Pond Rd,true,51.5458,-0.07567,Facing North - A10 Dalston Junction
795,Western Ave/Swaklys RB,true,51.5591,-0.46984,West - A40 twds M40 and M25
796,Parkway/Cranford High St,true,51.4838,-0.40773,The Parkway North
797,A312 / White Hart R.bout,true,51.537,-0.38929,White Ht R\/Bout
798,Old Kent Rd/Asylum Rd,true,51.4805,-0.05942,S\/EAST-A2 Old Kent Rd
799,Twickenham Rd/St Johns Grove,true,51.465,-0.30139,1 (A316 Twickham Rd S\/Bd)
800,Lea Valley/Cabinet Way,true,51.6103,-0.03041,IRID - A406 - West (twds Edmonton)
801,A3 Clapham Road/Mayflower Road,true,51.4678,-0.12809,NORTH - Clapham Road
802,Woodford Avenue - Beehive Lane,true,51.5814,0.05825,North - Woodford Ave twds M11
803,Oxford St/Vere St,false,51.5147,-0.14721,Oxford Street - East
804,A406 Billet Upass W,true,51.601,-0.01695,West Facing
805,Northumberland Ave/Victoria Emb,true,51.5064,-0.12224,East - Embankment twds Blackfriars
806,Jamaica Rd W of Lower Rd,true,51.4991,-0.05633,Lower Road twds Surrey Quays
807,A3 Kingston Rd/Roehampton Ln,true,51.4445,-0.23427,IRID - East - A3 twds Wandsworth
808,Great West Rd / Thornbury Rd,true,51.482,-0.34634,Gt West Rd W\/B
809,Finchley Rd Sth of Rosemont Rd,true,51.5493,-0.18171,North (A41 twds Golders Green)
810,Stockwell Rd By Clapham Rd,true,51.472,-0.12219,Clapham Rd\/ Sth Lambeth Rd
811,Chepstow Rd/Addiscombe Rd,true,51.375,-0.08142,East - Addiscombe Rd twds Shirley
812,A3 Roehampton Vale/A308 Robin Hood,true,51.4359,-0.25594,South - A3 twds New Malden
813,Kings X Rd / Wharton St,true,51.5276,-0.11548,Kings Cross Rd - South\/East
814,High St/Colliers Wd/Marlborough Rd,true,51.4205,-0.17578,North - A24 H\/St Colliers Wd
815,The Highway/Glamis Road,true,51.5097,-0.05046,The Highway\/Glammis Road
816,Jamaica Rd W of West Ln,true,51.4986,-0.0611,WEST-Jamaica Rd
817,Portman Square/Orchard St,true,51.5154,-0.15462,NORTH-A41 Baker St
818,Burdett Rd/Pixley St,true,51.5143,-0.02834,SOUTH - Burdett Rd
819,Goresbrook West,true,51.5278,0.14206,West Facing
820,Balham High Rd/Upper Tting Pk,true,51.4389,-0.15648,North - A24 Balham High Rd
821,A102 Shooters Hill,true,51.4746,0.02484,North Facing
822,A232 / Sutton Court Road,true,51.3608,-0.18941,A23 W\/B
823,Chelsea Bridge/Chelsea Embankment,true,51.4858,-0.14971,WEST-A3212 Chelsea Embankment
824,Balham High Rd/Chestnut Grove,true,51.4436,-0.1526,North - Balham High Rd
825,A205 Christchurch Rd/Norwood Rd,true,51.4401,-0.10643,WEST - A205 Christchurch Road
826,A406 Iveagh Ave,true,51.5378,-0.28341,West Facing
827,A205 London Rd/Dartmouth Rd,true,51.439,-0.0538,West - A205 London Road
828,A10 Stoke Newington Rd/Millers Terrace,true,51.5512,-0.07501,SOUTH - Stoke Newington Rd
829,West Hill/Portinscale Rd,true,51.4549,-0.20828,N\/EAST - A3 West Hill
830,Limehouse Tunnel/Butcher Row,true,51.5106,-0.04182,West
831,Balham High Rd/Ramsden Rd,true,51.4448,-0.15179,NORTH-A24 Balham Rd
832,Finchley High Rd/A406,true,51.6013,-0.17396,IRID - A406 facing west twds Brent Cross
833,A23 Brixton Rd/Vassell Rd,true,51.4765,-0.11232,North (A23 twds Kennington)
834,Blackheath Rd/Wickes Store,true,51.473,-0.01659,East (A2 twds Blackheath)
835,A20 Lee High Rd/Marischal Rd,true,51.4613,-0.0059,N\/West - Lee High Rd
836,Castle Green,false,51.5317,0.12444,West Facing
837,Leyton Rd/Montfichet Rd/Penny Brookes St,true,51.5466,-0.00091,Leyton Road A112 S\/B
838,A3 Clapham Rd/Elias Place,true,51.4808,-0.11356,SOUTH - Clapham Rd
839,York Road/Leake Street,false,51.5024,-0.11633,NORTH-York Road twds IMAX
840,A20 Sidcup Bypass/Perry St,true,51.4183,0.09822,S\/EAST-A20 Sidcup Bypass
841,Montfichet Rd/Westfield Ave/Car Park B,true,51.5411,-0.00528,Montfichet Rd - West
842,Camberwell Ch St/Grove Ln,true,51.4739,-0.09045,West (twds Camberwell Green Jct)
843,Noel Road,true,51.5203,0.04645,Facing West
844,Camden Rd N Of Camden Pk Rd,true,51.548,-0.1301,South (A503 twds Camden Town)
845,A2 New Cross Rd/Avonley Rd,true,51.4778,-0.05185,West (A2 twds Elephant and Castle)
846,Hyde Park Corner,false,51.5021,-0.15238,SOUTH-Grosvenor Place Jnc. Duke of Wellington Place
847,Talgarth Rd/Butterwick,true,51.4914,-0.22206,West - A4 Flyover and A219 Talgarth Rd
848,A406 Cooks Ferry R/B,true,51.6133,-0.03691,Home
849,Eltham Rd/Sidcup Rd,true,51.4532,0.02756,WEST-A20 Eltham Rd
850,Kenington Pk Rd/Kennington Oval,true,51.4824,-0.11208,A3 Northbound
851,Whitechapel Rd/Court St,true,51.5187,-0.0611,Whitechapel Road facing west
852,Lodge Avenue,true,51.533,0.10988,West Facing
853,A102 Pear Island,true,51.4961,0.00227,South Facing
854,Marsh Way West,true,51.5199,0.16853,Roundabout
855,Shooters Hill Rd/P o wales Rd,false,51.4735,0.01544,WEST - A2 Shooters Hill Rd twds Deptford
856,Limehouse Tnl Westferry Rd Entr,true,51.5077,-0.02766,portal
857,Burdett Rd/Eric St,true,51.5208,-0.03276,Burdett Rd NB
858,High St Colliers Wd/Cavendish Rd,true,51.4188,-0.17743,SOUTH - A24 twds Merton High Street
859,A5 Edgware Rd/Nutford Pl,true,51.5165,-0.16495,Edgware Rd - North
860,Grosvenor/Chapel St,true,51.5005,-0.14971,North (twds Hyde Park Corner)
861,A3 Clapham High St/Aristotle Rd,true,51.4644,-0.13143,SW - Clapham High St
862,Sterling Way Slip/A1010 Fore St,true,51.6148,-0.06419,EAST - A406 twds Walthamstow
863,A205 Kew Rd/Kew Green,true,51.4853,-0.28752,NORTH-Kew Bridge
864,Tunnel House (Fixed),true,51.4967,0.00205,South Facing
865,Commercial Rd/Cannon St Rd,true,51.5147,-0.06163,WEST- Commerical Rd
866,Balham Hill/Yukon Rd,true,51.4491,-0.1479,SOUTH - A24 Balham High Rd
867,A2 Westhorne Avenue,true,51.4569,0.04229,North West Facing
868,A10 Kingsland High St/Winchester,true,51.5484,-0.07533,Kingsland High St - North
869,Baring Rd/Le May Avenue,true,51.4322,0.02139,Baring Rd - South
870,A3 Clapham Rd/Stockwell Rd/Landsdowne Way,true,51.475,-0.11953,NORTH - A3 Clapham Rd
871,Swiss Cottage/Finchley Rd,true,51.5439,-0.17503,NORTH-A41 Finchley Rd twds Brent Cross
872,A118 Romford Rd/A406 Ncr,true,51.5564,0.06491,A118 East
873,Waterloo Bridge south,true,51.5053,-0.11402,IRID - NORTH - Waterloo Bridge
874,Vauxhall B Rd N Rampayne St,true,51.4903,-0.13315,SE - Vauxhall Bridge
875,Trafalgar Square,false,51.5074,-0.12765,The Mall
876,A406/Bowes Rd/Green Lanes,true,51.6124,-0.10987,West( A406 twds Bounds green)
877,A10 North of Evering Rd,true,51.5583,-0.06936,A10 Rectory Rd S\/B
878,Molesworth St/Riversdale shops,true,51.4618,-0.01334,Loampit Vale Gyratory south-side - zoom
879,East Road/Vestry Street,false,51.5297,-0.08708,East Road (N\/B)
880,A205 Mortlake Rd/Bessant Drive,true,51.4787,-0.28138,A205 Mortlake Rd W\/Bnd
881,Bayswater Rd/Lancaster Terrace,true,51.5116,-0.17596,East - Bayswater Rd twds Marble Arch
882,Kennington Ln/Chester Way,true,51.4899,-0.10798,S\/WEST - Kennington Ln
883,A406 Montagu Road,true,51.6132,-0.05247,West Facing
884,Grt Central Way/Drury Way,true,51.5547,-0.25591,Drury Way
885,Colchester Rd/Gubbins Ln,true,51.598,0.23161,EAST-Colchester Road
886,Battersea Brdg Rd/Westbridge Rd,true,51.478,-0.1697,North (twds Battersea Bridge)
887,A205 Academy Rd/Shooters Hill,true,51.4712,0.05519,South (A205 twds Eltham)
888,A40 / Target Roundabout,true,51.5425,-0.37712,A40 East
889,Camberwell Ch St/Camberwell Grn,true,51.4742,-0.09223,Camberwell Church St - West
890,Camberwell New Rd/Vassall Rd,true,51.4784,-0.10381,SOUTH\/EAST-Camberwell New Rd
891,Camden High St/Symes Mews,true,51.5352,-0.13897,Facing South - Hampstead Road
892,Queens Road/Woods Road,true,51.474,-0.06234,WEST-A202 Queens Rd
893,A30 Great Sth/W Rd/The Parkway,true,51.4725,-0.40497,A30 N\/B
894,A1 South of Muswell Hill,true,51.5773,-0.14662,N\/WEST - Archway Rd
895,A10 South of Farleigh Rd,true,51.5548,-0.07466,N\/B Stoke Newington Rd
896,Waterworks E/B On-Slip,true,51.5956,0.01903,East Facing
897,Kennington Lane,true,51.4861,-0.12191,SOUTH - South Lambeth Rd
898,Brighton Rd/Farthing Way,true,51.3234,-0.13475,North (A23 twds Purley)
899,A12/M11 Redbrdg 100A,true,51.576,0.04398,West Facing
900,Marylebone Rd/Osnaburgh St,true,51.5241,-0.14352,South - Euston Rd jct Gt Portland St
901,Rotherhithe Tunnel Barrier S,true,51.4992,-0.05514,Barrier
902,A406 Pinkham Way/Colney Hatch Ln,true,51.6062,-0.15106,East - A406 twds Palmers Green
903,Kennington Rd/Kennington Grn,true,51.4855,-0.11139,North - Kennington Rd
904,Elephant & Castle/Walworth Road,true,51.4934,-0.1005,NORTH-Elephant & Castle
905,Upper St/Highbury Corner,true,51.5456,-0.1033,Upper St - North
906,South Lambeth Rd/Tradescant Rd,true,51.4789,-0.12365,South Lambeth Rd - South
907,Limehouse Tunnel/The Highway,true,51.5107,-0.04053,West
908,Scotch Corner,true,51.5019,-0.16028,Knightsbridge - West
909,Theobalds Rd/Boswell St,true,51.5196,-0.12019,A401 Theobalds Road
910,A40 /Argyle Rd,true,51.5339,-0.32963,IRID - A40 - West
911,A40/Old Oak Road,true,51.5137,-0.24893,EAST-A40 Western Ave
912,A2 Eltham West E/B,true,51.4553,0.04847,Home
